1765141320: mosquitto version 2.0.22 starting
1765141320: Config loaded from /mosquitto/config/mosquitto.conf.
1765141320: Error: Unable to open pwfile "/mosquitto/config/passwords".
1765141320: Error opening password file "/mosquitto/config/passwords".
1765141321: mosquitto version 2.0.22 starting
1765141321: Config loaded from /mosquitto/config/mosquitto.conf.
1765141321: Error: Unable to open pwfile "/mosquitto/config/passwords".
1765141321: Error opening password file "/mosquitto/config/passwords".
1765141323: mosquitto version 2.0.22 starting
1765141323: Config loaded from /mosquitto/config/mosquitto.conf.
1765141323: Error: Unable to open pwfile "/mosquitto/config/passwords".
1765141323: Error opening password file "/mosquitto/config/passwords".
1765141325: mosquitto version 2.0.22 starting
1765141325: Config loaded from /mosquitto/config/mosquitto.conf.
1765141325: Error: Unable to open pwfile "/mosquitto/config/passwords".
1765141325: Error opening password file "/mosquitto/config/passwords".
1765141327: mosquitto version 2.0.22 starting
1765141327: Config loaded from /mosquitto/config/mosquitto.conf.
1765141327: Error: Unable to open pwfile "/mosquitto/config/passwords".
1765141327: Error opening password file "/mosquitto/config/passwords".
1765141330: mosquitto version 2.0.22 starting
1765141330: Config loaded from /mosquitto/config/mosquitto.conf.
1765141330: Error: Unable to open pwfile "/mosquitto/config/passwords".
1765141330: Error opening password file "/mosquitto/config/passwords".
1765141337: mosquitto version 2.0.22 starting
1765141337: Config loaded from /mosquitto/config/mosquitto.conf.
1765141337: Error: Unable to open pwfile "/mosquitto/config/passwords".
1765141337: Error opening password file "/mosquitto/config/passwords".
1765141346: mosquitto version 2.0.22 starting
1765141346: Config loaded from /mosquitto/config/mosquitto.conf.
1765141346: Error: Unable to open pwfile "/mosquitto/config/passwords".
1765141346: Error opening password file "/mosquitto/config/passwords".
1765141361: mosquitto version 2.0.22 starting
1765141361: Config loaded from /mosquitto/config/mosquitto.conf.
1765141361: Error: Unable to open pwfile "/mosquitto/config/passwords".
1765141361: Error opening password file "/mosquitto/config/passwords".
1765141387: mosquitto version 2.0.22 starting
1765141387: Config loaded from /mosquitto/config/mosquitto.conf.
1765141387: Error: Unable to open pwfile "/mosquitto/config/passwords".
1765141387: Error opening password file "/mosquitto/config/passwords".
1765141439: mosquitto version 2.0.22 starting
1765141439: Config loaded from /mosquitto/config/mosquitto.conf.
1765141439: Error: Unable to open pwfile "/mosquitto/config/passwords".
1765141439: Error opening password file "/mosquitto/config/passwords".
1765141500: mosquitto version 2.0.22 starting
1765141500: Config loaded from /mosquitto/config/mosquitto.conf.
1765141500: Error: Unable to open pwfile "/mosquitto/config/passwords".
1765141500: Error opening password file "/mosquitto/config/passwords".
1765141561: mosquitto version 2.0.22 starting
1765141561: Config loaded from /mosquitto/config/mosquitto.conf.
1765141561: Error: Unable to open pwfile "/mosquitto/config/passwords".
1765141561: Error opening password file "/mosquitto/config/passwords".
1765141642: mosquitto version 2.0.22 starting
1765141642: Config loaded from /mosquitto/config/mosquitto.conf.
1765141642: Error: Unable to open pwfile "/mosquitto/config/passwordfile".
1765141642: Error opening password file "/mosquitto/config/passwordfile".
1765141722: mosquitto version 2.0.22 starting
1765141722: Config loaded from /mosquitto/config/mosquitto.conf.
1765141722: Error: Unable to open pwfile "/mosquitto/config/passwordfile".
1765141722: Error opening password file "/mosquitto/config/passwordfile".
1765141732: mosquitto version 2.0.22 starting
1765141732: Config loaded from /mosquitto/config/mosquitto.conf.
1765141732: Error: Unable to open pwfile "/mosquitto/config/passwordfile".
1765141732: Error opening password file "/mosquitto/config/passwordfile".
1765141744: mosquitto version 2.0.22 starting
1765141744: Config loaded from /mosquitto/config/mosquitto.conf.
1765141744: Error: Unable to open pwfile "/mosquitto/config/passwordfile".
1765141744: Error opening password file "/mosquitto/config/passwordfile".
1765141756: mosquitto version 2.0.22 starting
1765141756: Config loaded from /mosquitto/config/mosquitto.conf.
1765141756: Error: Unable to open pwfile "/mosquitto/config/passwordfile".
1765141756: Error opening password file "/mosquitto/config/passwordfile".
1765141770: mosquitto version 2.0.22 starting
1765141770: Config loaded from /mosquitto/config/mosquitto.conf.
1765141770: Error: Unable to open pwfile "/mosquitto/config/passwordfile".
1765141770: Error opening password file "/mosquitto/config/passwordfile".
1765141779: mosquitto version 2.0.22 starting
1765141779: Config loaded from /mosquitto/config/mosquitto.conf.
1765141779: Error: Unable to open pwfile "/mosquitto/config/passwordfile".
1765141779: Error opening password file "/mosquitto/config/passwordfile".
1765141788: mosquitto version 2.0.22 starting
1765141788: Config loaded from /mosquitto/config/mosquitto.conf.
1765141788: Error: Unable to open pwfile "/mosquitto/config/passwordfile".
1765141788: Error opening password file "/mosquitto/config/passwordfile".
1765141798: mosquitto version 2.0.22 starting
1765141798: Config loaded from /mosquitto/config/mosquitto.conf.
1765141798: Error: Unable to open pwfile "/mosquitto/config/passwordfile".
1765141798: Error opening password file "/mosquitto/config/passwordfile".
1765141815: mosquitto version 2.0.22 starting
1765141815: Config loaded from /mosquitto/config/mosquitto.conf.
1765141815: Error: Unable to open pwfile "/mosquitto/config/passwordfile".
1765141815: Error opening password file "/mosquitto/config/passwordfile".
1765141844: mosquitto version 2.0.22 starting
1765141844: Config loaded from /mosquitto/config/mosquitto.conf.
1765141844: Error: Unable to open pwfile "/mosquitto/config/passwordfile".
1765141844: Error opening password file "/mosquitto/config/passwordfile".
1765141901: mosquitto version 2.0.22 starting
1765141901: Config loaded from /mosquitto/config/mosquitto.conf.
1765141901: Error: Unable to open pwfile "/mosquitto/config/passwordfile".
1765141901: Error opening password file "/mosquitto/config/passwordfile".
1765141964: mosquitto version 2.0.22 starting
1765141964: Config loaded from /mosquitto/config/mosquitto.conf.
1765141964: Error: Unable to open pwfile "/mosquitto/config/passwordfile".
1765141964: Error opening password file "/mosquitto/config/passwordfile".
1765142027: mosquitto version 2.0.22 starting
1765142027: Config loaded from /mosquitto/config/mosquitto.conf.
1765142027: Error: Unable to open pwfile "/mosquitto/config/passwordfile".
1765142027: Error opening password file "/mosquitto/config/passwordfile".
1765142093: mosquitto version 2.0.22 starting
1765142093: Config loaded from /mosquitto/config/mosquitto.conf.
1765142093: Error: Unable to open pwfile "/mosquitto/config/passwordfile".
1765142093: Error opening password file "/mosquitto/config/passwordfile".
1765142157: mosquitto version 2.0.22 starting
1765142157: Config loaded from /mosquitto/config/mosquitto.conf.
1765142157: Error: Unable to open pwfile "/mosquitto/config/passwordfile".
1765142157: Error opening password file "/mosquitto/config/passwordfile".
1765142222: mosquitto version 2.0.22 starting
1765142222: Config loaded from /mosquitto/config/mosquitto.conf.
1765142222: Error: Unable to open pwfile "/mosquitto/config/passwordfile".
1765142222: Error opening password file "/mosquitto/config/passwordfile".
1765142284: mosquitto version 2.0.22 starting
1765142284: Config loaded from /mosquitto/config/mosquitto.conf.
1765142284: Error: Unable to open pwfile "/mosquitto/config/passwordfile".
1765142284: Error opening password file "/mosquitto/config/passwordfile".
1765142346: mosquitto version 2.0.22 starting
1765142346: Config loaded from /mosquitto/config/mosquitto.conf.
1765142346: Error: Unable to open pwfile "/mosquitto/config/passwordfile".
1765142346: Error opening password file "/mosquitto/config/passwordfile".
1765142408: mosquitto version 2.0.22 starting
1765142408: Config loaded from /mosquitto/config/mosquitto.conf.
1765142408: Error: Unable to open pwfile "/mosquitto/config/passwordfile".
1765142408: Error opening password file "/mosquitto/config/passwordfile".
1765142470: mosquitto version 2.0.22 starting
1765142470: Config loaded from /mosquitto/config/mosquitto.conf.
1765142470: Error: Unable to open pwfile "/mosquitto/config/passwordfile".
1765142470: Error opening password file "/mosquitto/config/passwordfile".
1765142531: mosquitto version 2.0.22 starting
1765142531: Config loaded from /mosquitto/config/mosquitto.conf.
1765142531: Error: Unable to open pwfile "/mosquitto/config/passwordfile".
1765142531: Error opening password file "/mosquitto/config/passwordfile".
1765142592: mosquitto version 2.0.22 starting
1765142592: Config loaded from /mosquitto/config/mosquitto.conf.
1765142592: Error: Unable to open pwfile "/mosquitto/config/passwordfile".
1765142592: Error opening password file "/mosquitto/config/passwordfile".
1765142653: mosquitto version 2.0.22 starting
1765142653: Config loaded from /mosquitto/config/mosquitto.conf.
1765142653: Error: Unable to open pwfile "/mosquitto/config/passwordfile".
1765142653: Error opening password file "/mosquitto/config/passwordfile".
1765142714: mosquitto version 2.0.22 starting
1765142714: Config loaded from /mosquitto/config/mosquitto.conf.
1765142714: Error: Unable to open pwfile "/mosquitto/config/passwordfile".
1765142714: Error opening password file "/mosquitto/config/passwordfile".
1765142775: mosquitto version 2.0.22 starting
1765142775: Config loaded from /mosquitto/config/mosquitto.conf.
1765142775: Error: Unable to open pwfile "/mosquitto/config/passwordfile".
1765142775: Error opening password file "/mosquitto/config/passwordfile".
1765142837: mosquitto version 2.0.22 starting
1765142837: Config loaded from /mosquitto/config/mosquitto.conf.
1765142837: Error: Unable to open pwfile "/mosquitto/config/passwordfile".
1765142837: Error opening password file "/mosquitto/config/passwordfile".
1765142899: mosquitto version 2.0.22 starting
1765142899: Config loaded from /mosquitto/config/mosquitto.conf.
1765142899: Error: Unable to open pwfile "/mosquitto/config/passwordfile".
1765142899: Error opening password file "/mosquitto/config/passwordfile".
1765142960: mosquitto version 2.0.22 starting
1765142960: Config loaded from /mosquitto/config/mosquitto.conf.
1765142960: Error: Unable to open pwfile "/mosquitto/config/passwordfile".
1765142960: Error opening password file "/mosquitto/config/passwordfile".
1765143021: mosquitto version 2.0.22 starting
1765143021: Config loaded from /mosquitto/config/mosquitto.conf.
1765143021: Error: Unable to open pwfile "/mosquitto/config/passwordfile".
1765143021: Error opening password file "/mosquitto/config/passwordfile".
1765143082: mosquitto version 2.0.22 starting
1765143082: Config loaded from /mosquitto/config/mosquitto.conf.
1765143082: Error: Unable to open pwfile "/mosquitto/config/passwordfile".
1765143082: Error opening password file "/mosquitto/config/passwordfile".
1765143142: mosquitto version 2.0.22 starting
1765143142: Config loaded from /mosquitto/config/mosquitto.conf.
1765143142: Error: Unable to open pwfile "/mosquitto/config/passwordfile".
1765143142: Error opening password file "/mosquitto/config/passwordfile".
1765143203: mosquitto version 2.0.22 starting
1765143203: Config loaded from /mosquitto/config/mosquitto.conf.
1765143203: Error: Unable to open pwfile "/mosquitto/config/passwordfile".
1765143203: Error opening password file "/mosquitto/config/passwordfile".
1765143264: mosquitto version 2.0.22 starting
1765143264: Config loaded from /mosquitto/config/mosquitto.conf.
1765143264: Error: Unable to open pwfile "/mosquitto/config/passwordfile".
1765143264: Error opening password file "/mosquitto/config/passwordfile".
1765143325: mosquitto version 2.0.22 starting
1765143325: Config loaded from /mosquitto/config/mosquitto.conf.
1765143325: Error: Unable to open pwfile "/mosquitto/config/passwordfile".
1765143325: Error opening password file "/mosquitto/config/passwordfile".
1765143385: mosquitto version 2.0.22 starting
1765143385: Config loaded from /mosquitto/config/mosquitto.conf.
1765143385: Error: Unable to open pwfile "/mosquitto/config/passwordfile".
1765143385: Error opening password file "/mosquitto/config/passwordfile".
1765143446: mosquitto version 2.0.22 starting
1765143446: Config loaded from /mosquitto/config/mosquitto.conf.
1765143446: Error: Unable to open pwfile "/mosquitto/config/passwordfile".
1765143446: Error opening password file "/mosquitto/config/passwordfile".
1765143507: mosquitto version 2.0.22 starting
1765143507: Config loaded from /mosquitto/config/mosquitto.conf.
1765143507: Error: Unable to open pwfile "/mosquitto/config/passwordfile".
1765143507: Error opening password file "/mosquitto/config/passwordfile".
1765143567: mosquitto version 2.0.22 starting
1765143567: Config loaded from /mosquitto/config/mosquitto.conf.
1765143567: Error: Unable to open pwfile "/mosquitto/config/passwordfile".
1765143567: Error opening password file "/mosquitto/config/passwordfile".
1765143628: mosquitto version 2.0.22 starting
1765143628: Config loaded from /mosquitto/config/mosquitto.conf.
1765143628: Error: Unable to open pwfile "/mosquitto/config/passwordfile".
1765143628: Error opening password file "/mosquitto/config/passwordfile".
1765143690: mosquitto version 2.0.22 starting
1765143690: Config loaded from /mosquitto/config/mosquitto.conf.
1765143690: Error: Unable to open pwfile "/mosquitto/config/passwordfile".
1765143690: Error opening password file "/mosquitto/config/passwordfile".
1765143754: mosquitto version 2.0.22 starting
1765143754: Config loaded from /mosquitto/config/mosquitto.conf.
1765143754: Error: Unable to open pwfile "/mosquitto/config/passwordfile".
1765143754: Error opening password file "/mosquitto/config/passwordfile".
1765143816: mosquitto version 2.0.22 starting
1765143816: Config loaded from /mosquitto/config/mosquitto.conf.
1765143816: Error: Unable to open pwfile "/mosquitto/config/passwordfile".
1765143816: Error opening password file "/mosquitto/config/passwordfile".
1765143877: mosquitto version 2.0.22 starting
1765143877: Config loaded from /mosquitto/config/mosquitto.conf.
1765143877: Error: Unable to open pwfile "/mosquitto/config/passwordfile".
1765143877: Error opening password file "/mosquitto/config/passwordfile".
1765143938: mosquitto version 2.0.22 starting
1765143938: Config loaded from /mosquitto/config/mosquitto.conf.
1765143938: Error: Unable to open pwfile "/mosquitto/config/passwordfile".
1765143938: Error opening password file "/mosquitto/config/passwordfile".
1765143998: mosquitto version 2.0.22 starting
1765143998: Config loaded from /mosquitto/config/mosquitto.conf.
1765143998: Error: Unable to open pwfile "/mosquitto/config/passwordfile".
1765143998: Error opening password file "/mosquitto/config/passwordfile".
1765144059: mosquitto version 2.0.22 starting
1765144059: Config loaded from /mosquitto/config/mosquitto.conf.
1765144059: Error: Unable to open pwfile "/mosquitto/config/passwordfile".
1765144059: Error opening password file "/mosquitto/config/passwordfile".
1765144120: mosquitto version 2.0.22 starting
1765144120: Config loaded from /mosquitto/config/mosquitto.conf.
1765144120: Error: Unable to open pwfile "/mosquitto/config/passwordfile".
1765144120: Error opening password file "/mosquitto/config/passwordfile".
1765144184: mosquitto version 2.0.22 starting
1765144184: Config loaded from /mosquitto/config/mosquitto.conf.
1765144184: Error: Unable to open pwfile "/mosquitto/config/passwordfile".
1765144184: Error opening password file "/mosquitto/config/passwordfile".
1765144245: mosquitto version 2.0.22 starting
1765144245: Config loaded from /mosquitto/config/mosquitto.conf.
1765144245: Error: Unable to open pwfile "/mosquitto/config/passwordfile".
1765144245: Error opening password file "/mosquitto/config/passwordfile".
1765144306: mosquitto version 2.0.22 starting
1765144306: Config loaded from /mosquitto/config/mosquitto.conf.
1765144306: Error: Unable to open pwfile "/mosquitto/config/passwordfile".
1765144306: Error opening password file "/mosquitto/config/passwordfile".
1765144367: mosquitto version 2.0.22 starting
1765144367: Config loaded from /mosquitto/config/mosquitto.conf.
1765144367: Error: Unable to open pwfile "/mosquitto/config/passwordfile".
1765144367: Error opening password file "/mosquitto/config/passwordfile".
1765144427: mosquitto version 2.0.22 starting
1765144427: Config loaded from /mosquitto/config/mosquitto.conf.
1765144427: Error: Unable to open pwfile "/mosquitto/config/passwordfile".
1765144427: Error opening password file "/mosquitto/config/passwordfile".
1765144489: mosquitto version 2.0.22 starting
1765144489: Config loaded from /mosquitto/config/mosquitto.conf.
1765144489: Error: Unable to open pwfile "/mosquitto/config/passwordfile".
1765144489: Error opening password file "/mosquitto/config/passwordfile".
1765144549: mosquitto version 2.0.22 starting
1765144549: Config loaded from /mosquitto/config/mosquitto.conf.
1765144549: Error: Unable to open pwfile "/mosquitto/config/passwordfile".
1765144549: Error opening password file "/mosquitto/config/passwordfile".
1765144610: mosquitto version 2.0.22 starting
1765144610: Config loaded from /mosquitto/config/mosquitto.conf.
1765144610: Error: Unable to open pwfile "/mosquitto/config/passwordfile".
1765144610: Error opening password file "/mosquitto/config/passwordfile".
1765144670: mosquitto version 2.0.22 starting
1765144670: Config loaded from /mosquitto/config/mosquitto.conf.
1765144670: Error: Unable to open pwfile "/mosquitto/config/passwordfile".
1765144670: Error opening password file "/mosquitto/config/passwordfile".
1765144731: mosquitto version 2.0.22 starting
1765144731: Config loaded from /mosquitto/config/mosquitto.conf.
1765144731: Error: Unable to open pwfile "/mosquitto/config/passwordfile".
1765144731: Error opening password file "/mosquitto/config/passwordfile".
1765144792: mosquitto version 2.0.22 starting
1765144792: Config loaded from /mosquitto/config/mosquitto.conf.
1765144792: Error: Unable to open pwfile "/mosquitto/config/passwordfile".
1765144792: Error opening password file "/mosquitto/config/passwordfile".
1765144852: mosquitto version 2.0.22 starting
1765144852: Config loaded from /mosquitto/config/mosquitto.conf.
1765144852: Error: Unable to open pwfile "/mosquitto/config/passwordfile".
1765144852: Error opening password file "/mosquitto/config/passwordfile".
1765144913: mosquitto version 2.0.22 starting
1765144913: Config loaded from /mosquitto/config/mosquitto.conf.
1765144913: Error: Unable to open pwfile "/mosquitto/config/passwordfile".
1765144913: Error opening password file "/mosquitto/config/passwordfile".
1765144973: mosquitto version 2.0.22 starting
1765144973: Config loaded from /mosquitto/config/mosquitto.conf.
1765144973: Error: Unable to open pwfile "/mosquitto/config/passwordfile".
1765144973: Error opening password file "/mosquitto/config/passwordfile".
1765145037: mosquitto version 2.0.22 starting
1765145037: Config loaded from /mosquitto/config/mosquitto.conf.
1765145037: Error: Unable to open pwfile "/mosquitto/config/passwordfile".
1765145037: Error opening password file "/mosquitto/config/passwordfile".
1765145098: mosquitto version 2.0.22 starting
1765145098: Config loaded from /mosquitto/config/mosquitto.conf.
1765145098: Error: Unable to open pwfile "/mosquitto/config/passwordfile".
1765145098: Error opening password file "/mosquitto/config/passwordfile".
1765145159: mosquitto version 2.0.22 starting
1765145159: Config loaded from /mosquitto/config/mosquitto.conf.
1765145159: Error: Unable to open pwfile "/mosquitto/config/passwordfile".
1765145159: Error opening password file "/mosquitto/config/passwordfile".
1765145220: mosquitto version 2.0.22 starting
1765145220: Config loaded from /mosquitto/config/mosquitto.conf.
1765145220: Error: Unable to open pwfile "/mosquitto/config/passwordfile".
1765145220: Error opening password file "/mosquitto/config/passwordfile".
1765145280: mosquitto version 2.0.22 starting
1765145280: Config loaded from /mosquitto/config/mosquitto.conf.
1765145280: Error: Unable to open pwfile "/mosquitto/config/passwordfile".
1765145280: Error opening password file "/mosquitto/config/passwordfile".
1765145341: mosquitto version 2.0.22 starting
1765145341: Config loaded from /mosquitto/config/mosquitto.conf.
1765145341: Error: Unable to open pwfile "/mosquitto/config/passwordfile".
1765145341: Error opening password file "/mosquitto/config/passwordfile".
1765145402: mosquitto version 2.0.22 starting
1765145402: Config loaded from /mosquitto/config/mosquitto.conf.
1765145402: Error: Unable to open pwfile "/mosquitto/config/passwordfile".
1765145402: Error opening password file "/mosquitto/config/passwordfile".
1765145462: mosquitto version 2.0.22 starting
1765145462: Config loaded from /mosquitto/config/mosquitto.conf.
1765145462: Error: Unable to open pwfile "/mosquitto/config/passwordfile".
1765145462: Error opening password file "/mosquitto/config/passwordfile".
1765145523: mosquitto version 2.0.22 starting
1765145523: Config loaded from /mosquitto/config/mosquitto.conf.
1765145523: Error: Unable to open pwfile "/mosquitto/config/passwordfile".
1765145523: Error opening password file "/mosquitto/config/passwordfile".
1765145583: mosquitto version 2.0.22 starting
1765145583: Config loaded from /mosquitto/config/mosquitto.conf.
1765145583: Error: Unable to open pwfile "/mosquitto/config/passwordfile".
1765145583: Error opening password file "/mosquitto/config/passwordfile".
1765145644: mosquitto version 2.0.22 starting
1765145644: Config loaded from /mosquitto/config/mosquitto.conf.
1765145644: Error: Unable to open pwfile "/mosquitto/config/passwordfile".
1765145644: Error opening password file "/mosquitto/config/passwordfile".
1765145705: mosquitto version 2.0.22 starting
1765145705: Config loaded from /mosquitto/config/mosquitto.conf.
1765145705: Error: Unable to open pwfile "/mosquitto/config/passwordfile".
1765145705: Error opening password file "/mosquitto/config/passwordfile".
1765145766: mosquitto version 2.0.22 starting
1765145766: Config loaded from /mosquitto/config/mosquitto.conf.
1765145766: Error: Unable to open pwfile "/mosquitto/config/passwordfile".
1765145766: Error opening password file "/mosquitto/config/passwordfile".
1765145827: mosquitto version 2.0.22 starting
1765145827: Config loaded from /mosquitto/config/mosquitto.conf.
1765145827: Error: Unable to open pwfile "/mosquitto/config/passwordfile".
1765145827: Error opening password file "/mosquitto/config/passwordfile".
1765145890: mosquitto version 2.0.22 starting
1765145890: Config loaded from /mosquitto/config/mosquitto.conf.
1765145890: Error: Unable to open pwfile "/mosquitto/config/passwordfile".
1765145890: Error opening password file "/mosquitto/config/passwordfile".
1765145951: mosquitto version 2.0.22 starting
1765145951: Config loaded from /mosquitto/config/mosquitto.conf.
1765145951: Error: Unable to open pwfile "/mosquitto/config/passwordfile".
1765145951: Error opening password file "/mosquitto/config/passwordfile".
1765146012: mosquitto version 2.0.22 starting
1765146012: Config loaded from /mosquitto/config/mosquitto.conf.
1765146012: Error: Unable to open pwfile "/mosquitto/config/passwordfile".
1765146012: Error opening password file "/mosquitto/config/passwordfile".
1765146072: mosquitto version 2.0.22 starting
1765146072: Config loaded from /mosquitto/config/mosquitto.conf.
1765146072: Error: Unable to open pwfile "/mosquitto/config/passwordfile".
1765146072: Error opening password file "/mosquitto/config/passwordfile".
1765146133: mosquitto version 2.0.22 starting
1765146133: Config loaded from /mosquitto/config/mosquitto.conf.
1765146133: Error: Unable to open pwfile "/mosquitto/config/passwordfile".
1765146133: Error opening password file "/mosquitto/config/passwordfile".
1765146193: mosquitto version 2.0.22 starting
1765146193: Config loaded from /mosquitto/config/mosquitto.conf.
1765146193: Error: Unable to open pwfile "/mosquitto/config/passwordfile".
1765146193: Error opening password file "/mosquitto/config/passwordfile".
1765146255: mosquitto version 2.0.22 starting
1765146255: Config loaded from /mosquitto/config/mosquitto.conf.
1765146255: Error: Unable to open pwfile "/mosquitto/config/passwordfile".
1765146255: Error opening password file "/mosquitto/config/passwordfile".
1765146318: mosquitto version 2.0.22 starting
1765146318: Config loaded from /mosquitto/config/mosquitto.conf.
1765146318: Error: Unable to open pwfile "/mosquitto/config/passwordfile".
1765146318: Error opening password file "/mosquitto/config/passwordfile".
1765146379: mosquitto version 2.0.22 starting
1765146379: Config loaded from /mosquitto/config/mosquitto.conf.
1765146379: Error: Unable to open pwfile "/mosquitto/config/passwordfile".
1765146379: Error opening password file "/mosquitto/config/passwordfile".
1765146440: mosquitto version 2.0.22 starting
1765146440: Config loaded from /mosquitto/config/mosquitto.conf.
1765146440: Error: Unable to open pwfile "/mosquitto/config/passwordfile".
1765146440: Error opening password file "/mosquitto/config/passwordfile".
1765146500: mosquitto version 2.0.22 starting
1765146500: Config loaded from /mosquitto/config/mosquitto.conf.
1765146500: Error: Unable to open pwfile "/mosquitto/config/passwordfile".
1765146500: Error opening password file "/mosquitto/config/passwordfile".
1765146561: mosquitto version 2.0.22 starting
1765146561: Config loaded from /mosquitto/config/mosquitto.conf.
1765146561: Error: Unable to open pwfile "/mosquitto/config/passwordfile".
1765146561: Error opening password file "/mosquitto/config/passwordfile".
1765146621: mosquitto version 2.0.22 starting
1765146621: Config loaded from /mosquitto/config/mosquitto.conf.
1765146621: Error: Unable to open pwfile "/mosquitto/config/passwordfile".
1765146621: Error opening password file "/mosquitto/config/passwordfile".
1765146682: mosquitto version 2.0.22 starting
1765146682: Config loaded from /mosquitto/config/mosquitto.conf.
1765146682: Error: Unable to open pwfile "/mosquitto/config/passwordfile".
1765146682: Error opening password file "/mosquitto/config/passwordfile".
1765146743: mosquitto version 2.0.22 starting
1765146743: Config loaded from /mosquitto/config/mosquitto.conf.
1765146743: Error: Unable to open pwfile "/mosquitto/config/passwordfile".
1765146743: Error opening password file "/mosquitto/config/passwordfile".
1765146804: mosquitto version 2.0.22 starting
1765146804: Config loaded from /mosquitto/config/mosquitto.conf.
1765146804: Error: Unable to open pwfile "/mosquitto/config/passwordfile".
1765146804: Error opening password file "/mosquitto/config/passwordfile".
1765146865: mosquitto version 2.0.22 starting
1765146865: Config loaded from /mosquitto/config/mosquitto.conf.
1765146865: Error: Unable to open pwfile "/mosquitto/config/passwordfile".
1765146865: Error opening password file "/mosquitto/config/passwordfile".
1765146926: mosquitto version 2.0.22 starting
1765146926: Config loaded from /mosquitto/config/mosquitto.conf.
1765146926: Error: Unable to open pwfile "/mosquitto/config/passwordfile".
1765146926: Error opening password file "/mosquitto/config/passwordfile".
1765146987: mosquitto version 2.0.22 starting
1765146987: Config loaded from /mosquitto/config/mosquitto.conf.
1765146987: Error: Unable to open pwfile "/mosquitto/config/passwordfile".
1765146987: Error opening password file "/mosquitto/config/passwordfile".
1765147048: mosquitto version 2.0.22 starting
1765147048: Config loaded from /mosquitto/config/mosquitto.conf.
1765147048: Error: Unable to open pwfile "/mosquitto/config/passwordfile".
1765147048: Error opening password file "/mosquitto/config/passwordfile".
1765147108: mosquitto version 2.0.22 starting
1765147108: Config loaded from /mosquitto/config/mosquitto.conf.
1765147108: Error: Unable to open pwfile "/mosquitto/config/passwordfile".
1765147108: Error opening password file "/mosquitto/config/passwordfile".
1765147169: mosquitto version 2.0.22 starting
1765147169: Config loaded from /mosquitto/config/mosquitto.conf.
1765147169: Error: Unable to open pwfile "/mosquitto/config/passwordfile".
1765147169: Error opening password file "/mosquitto/config/passwordfile".
1765147230: mosquitto version 2.0.22 starting
1765147230: Config loaded from /mosquitto/config/mosquitto.conf.
1765147230: Error: Unable to open pwfile "/mosquitto/config/passwordfile".
1765147230: Error opening password file "/mosquitto/config/passwordfile".
1765147292: mosquitto version 2.0.22 starting
1765147292: Config loaded from /mosquitto/config/mosquitto.conf.
1765147292: Error: Unable to open pwfile "/mosquitto/config/passwordfile".
1765147292: Error opening password file "/mosquitto/config/passwordfile".
1765147354: mosquitto version 2.0.22 starting
1765147354: Config loaded from /mosquitto/config/mosquitto.conf.
1765147354: Error: Unable to open pwfile "/mosquitto/config/passwordfile".
1765147354: Error opening password file "/mosquitto/config/passwordfile".
1765147421: mosquitto version 2.0.22 starting
1765147421: Config loaded from /mosquitto/config/mosquitto.conf.
1765147421: Error: Unable to open pwfile "/mosquitto/config/passwordfile".
1765147421: Error opening password file "/mosquitto/config/passwordfile".
1765147490: mosquitto version 2.0.22 starting
1765147490: Config loaded from /mosquitto/config/mosquitto.conf.
1765147490: Error: Unable to open pwfile "/mosquitto/config/passwordfile".
1765147490: Error opening password file "/mosquitto/config/passwordfile".
1765147558: mosquitto version 2.0.22 starting
1765147558: Config loaded from /mosquitto/config/mosquitto.conf.
1765147558: Error: Unable to open pwfile "/mosquitto/config/passwordfile".
1765147558: Error opening password file "/mosquitto/config/passwordfile".
1765147625: mosquitto version 2.0.22 starting
1765147625: Config loaded from /mosquitto/config/mosquitto.conf.
1765147625: Error: Unable to open pwfile "/mosquitto/config/passwordfile".
1765147625: Error opening password file "/mosquitto/config/passwordfile".
1765147690: mosquitto version 2.0.22 starting
1765147690: Config loaded from /mosquitto/config/mosquitto.conf.
1765147690: Error: Unable to open pwfile "/mosquitto/config/passwordfile".
1765147690: Error opening password file "/mosquitto/config/passwordfile".
1765147754: mosquitto version 2.0.22 starting
1765147754: Config loaded from /mosquitto/config/mosquitto.conf.
1765147754: Error: Unable to open pwfile "/mosquitto/config/passwordfile".
1765147754: Error opening password file "/mosquitto/config/passwordfile".
1765153573: mosquitto version 2.0.22 starting
1765153573: Config loaded from /mosquitto/config/mosquitto.conf.
1765153573: Error: Unable to open pwfile "/mosquitto/config/passwordfile".
1765153573: Error opening password file "/mosquitto/config/passwordfile".
1765153579: mosquitto version 2.0.22 starting
1765153579: Config loaded from /mosquitto/config/mosquitto.conf.
1765153579: Error: Unable to open pwfile "/mosquitto/config/passwordfile".
1765153579: Error opening password file "/mosquitto/config/passwordfile".
1765153585: mosquitto version 2.0.22 starting
1765153585: Config loaded from /mosquitto/config/mosquitto.conf.
1765153585: Error: Unable to open pwfile "/mosquitto/config/passwordfile".
1765153585: Error opening password file "/mosquitto/config/passwordfile".
1765153589: mosquitto version 2.0.22 starting
1765153589: Config loaded from /mosquitto/config/mosquitto.conf.
1765153589: Error: Unable to open pwfile "/mosquitto/config/passwordfile".
1765153589: Error opening password file "/mosquitto/config/passwordfile".
1765153596: mosquitto version 2.0.22 starting
1765153596: Config loaded from /mosquitto/config/mosquitto.conf.
1765153596: Error: Unable to open pwfile "/mosquitto/config/passwordfile".
1765153596: Error opening password file "/mosquitto/config/passwordfile".
1765153601: mosquitto version 2.0.22 starting
1765153601: Config loaded from /mosquitto/config/mosquitto.conf.
1765153601: Error: Unable to open pwfile "/mosquitto/config/passwordfile".
1765153601: Error opening password file "/mosquitto/config/passwordfile".
1765153608: mosquitto version 2.0.22 starting
1765153608: Config loaded from /mosquitto/config/mosquitto.conf.
1765153608: Error: Unable to open pwfile "/mosquitto/config/passwordfile".
1765153608: Error opening password file "/mosquitto/config/passwordfile".
1765153618: mosquitto version 2.0.22 starting
1765153618: Config loaded from /mosquitto/config/mosquitto.conf.
1765153618: Error: Unable to open pwfile "/mosquitto/config/passwordfile".
1765153618: Error opening password file "/mosquitto/config/passwordfile".
1765153635: mosquitto version 2.0.22 starting
1765153635: Config loaded from /mosquitto/config/mosquitto.conf.
1765153635: Error: Unable to open pwfile "/mosquitto/config/passwordfile".
1765153635: Error opening password file "/mosquitto/config/passwordfile".
1765153663: mosquitto version 2.0.22 starting
1765153663: Config loaded from /mosquitto/config/mosquitto.conf.
1765153663: Error: Unable to open pwfile "/mosquitto/config/passwordfile".
1765153663: Error opening password file "/mosquitto/config/passwordfile".
1765153718: mosquitto version 2.0.22 starting
1765153718: Config loaded from /mosquitto/config/mosquitto.conf.
1765153718: Error: Unable to open pwfile "/mosquitto/config/passwordfile".
1765153718: Error opening password file "/mosquitto/config/passwordfile".
1765153780: mosquitto version 2.0.22 starting
1765153780: Config loaded from /mosquitto/config/mosquitto.conf.
1765153780: Error: Unable to open pwfile "/mosquitto/config/passwordfile".
1765153780: Error opening password file "/mosquitto/config/passwordfile".
1765153846: mosquitto version 2.0.22 starting
1765153846: Config loaded from /mosquitto/config/mosquitto.conf.
1765153846: Error: Unable to open pwfile "/mosquitto/config/passwordfile".
1765153846: Error opening password file "/mosquitto/config/passwordfile".
1765153911: mosquitto version 2.0.22 starting
1765153911: Config loaded from /mosquitto/config/mosquitto.conf.
1765153911: Error: Unable to open pwfile "/mosquitto/config/passwordfile".
1765153911: Error opening password file "/mosquitto/config/passwordfile".
1765153976: mosquitto version 2.0.22 starting
1765153976: Config loaded from /mosquitto/config/mosquitto.conf.
1765153976: Error: Unable to open pwfile "/mosquitto/config/passwordfile".
1765153976: Error opening password file "/mosquitto/config/passwordfile".
1765154038: mosquitto version 2.0.22 starting
1765154038: Config loaded from /mosquitto/config/mosquitto.conf.
1765154038: Error: Unable to open pwfile "/mosquitto/config/passwordfile".
1765154038: Error opening password file "/mosquitto/config/passwordfile".
1765154099: mosquitto version 2.0.22 starting
1765154099: Config loaded from /mosquitto/config/mosquitto.conf.
1765154099: Error: Unable to open pwfile "/mosquitto/config/passwordfile".
1765154099: Error opening password file "/mosquitto/config/passwordfile".
1765154161: mosquitto version 2.0.22 starting
1765154161: Config loaded from /mosquitto/config/mosquitto.conf.
1765154161: Error: Unable to open pwfile "/mosquitto/config/passwordfile".
1765154161: Error opening password file "/mosquitto/config/passwordfile".
1765154221: mosquitto version 2.0.22 starting
1765154221: Config loaded from /mosquitto/config/mosquitto.conf.
1765154221: Error: Unable to open pwfile "/mosquitto/config/passwordfile".
1765154221: Error opening password file "/mosquitto/config/passwordfile".
1765154282: mosquitto version 2.0.22 starting
1765154282: Config loaded from /mosquitto/config/mosquitto.conf.
1765154282: Error: Unable to open pwfile "/mosquitto/config/passwordfile".
1765154282: Error opening password file "/mosquitto/config/passwordfile".
1765154343: mosquitto version 2.0.22 starting
1765154343: Config loaded from /mosquitto/config/mosquitto.conf.
1765154343: Error: Unable to open pwfile "/mosquitto/config/passwordfile".
1765154343: Error opening password file "/mosquitto/config/passwordfile".
1765154404: mosquitto version 2.0.22 starting
1765154404: Config loaded from /mosquitto/config/mosquitto.conf.
1765154404: Error: Unable to open pwfile "/mosquitto/config/passwordfile".
1765154404: Error opening password file "/mosquitto/config/passwordfile".
1765154465: mosquitto version 2.0.22 starting
1765154465: Config loaded from /mosquitto/config/mosquitto.conf.
1765154465: Error: Unable to open pwfile "/mosquitto/config/passwordfile".
1765154465: Error opening password file "/mosquitto/config/passwordfile".
1765154525: mosquitto version 2.0.22 starting
1765154525: Config loaded from /mosquitto/config/mosquitto.conf.
1765154525: Error: Unable to open pwfile "/mosquitto/config/passwordfile".
1765154525: Error opening password file "/mosquitto/config/passwordfile".
1765154645: mosquitto version 2.0.22 starting
1765154645: Config loaded from /mosquitto/config/mosquitto.conf.
1765154645: Error: Unable to open pwfile "/mosquitto/config/passwordfile".
1765154645: Error opening password file "/mosquitto/config/passwordfile".
1765154651: mosquitto version 2.0.22 starting
1765154651: Config loaded from /mosquitto/config/mosquitto.conf.
1765154651: Error: Unable to open pwfile "/mosquitto/config/passwordfile".
1765154651: Error opening password file "/mosquitto/config/passwordfile".
1765154656: mosquitto version 2.0.22 starting
1765154656: Config loaded from /mosquitto/config/mosquitto.conf.
1765154656: Error: Unable to open pwfile "/mosquitto/config/passwordfile".
1765154656: Error opening password file "/mosquitto/config/passwordfile".
1765154661: mosquitto version 2.0.22 starting
1765154661: Config loaded from /mosquitto/config/mosquitto.conf.
1765154661: Error: Unable to open pwfile "/mosquitto/config/passwordfile".
1765154661: Error opening password file "/mosquitto/config/passwordfile".
1765154666: mosquitto version 2.0.22 starting
1765154666: Config loaded from /mosquitto/config/mosquitto.conf.
1765154666: Error: Unable to open pwfile "/mosquitto/config/passwordfile".
1765154666: Error opening password file "/mosquitto/config/passwordfile".
1765154675: mosquitto version 2.0.22 starting
1765154675: Config loaded from /mosquitto/config/mosquitto.conf.
1765154675: Error: Unable to open pwfile "/mosquitto/config/passwordfile".
1765154675: Error opening password file "/mosquitto/config/passwordfile".
1765154681: mosquitto version 2.0.22 starting
1765154681: Config loaded from /mosquitto/config/mosquitto.conf.
1765154681: Error: Unable to open pwfile "/mosquitto/config/passwordfile".
1765154681: Error opening password file "/mosquitto/config/passwordfile".
1765154692: mosquitto version 2.0.22 starting
1765154692: Config loaded from /mosquitto/config/mosquitto.conf.
1765154692: Error: Unable to open pwfile "/mosquitto/config/passwordfile".
1765154692: Error opening password file "/mosquitto/config/passwordfile".
1765154709: mosquitto version 2.0.22 starting
1765154709: Config loaded from /mosquitto/config/mosquitto.conf.
1765154709: Error: Unable to open pwfile "/mosquitto/config/passwordfile".
1765154709: Error opening password file "/mosquitto/config/passwordfile".
1765154736: mosquitto version 2.0.22 starting
1765154736: Config loaded from /mosquitto/config/mosquitto.conf.
1765154736: Error: Unable to open pwfile "/mosquitto/config/passwordfile".
1765154736: Error opening password file "/mosquitto/config/passwordfile".
1765154789: mosquitto version 2.0.22 starting
1765154789: Config loaded from /mosquitto/config/mosquitto.conf.
1765154789: Error: Unable to open pwfile "/mosquitto/config/passwordfile".
1765154789: Error opening password file "/mosquitto/config/passwordfile".
1765154849: mosquitto version 2.0.22 starting
1765154849: Config loaded from /mosquitto/config/mosquitto.conf.
1765154849: Error: Unable to open pwfile "/mosquitto/config/passwordfile".
1765154849: Error opening password file "/mosquitto/config/passwordfile".
1765154910: mosquitto version 2.0.22 starting
1765154910: Config loaded from /mosquitto/config/mosquitto.conf.
1765154910: Error: Unable to open pwfile "/mosquitto/config/passwordfile".
1765154910: Error opening password file "/mosquitto/config/passwordfile".
1765154970: mosquitto version 2.0.22 starting
1765154970: Config loaded from /mosquitto/config/mosquitto.conf.
1765154970: Error: Unable to open pwfile "/mosquitto/config/passwordfile".
1765154970: Error opening password file "/mosquitto/config/passwordfile".
1765155031: mosquitto version 2.0.22 starting
1765155031: Config loaded from /mosquitto/config/mosquitto.conf.
1765155031: Error: Unable to open pwfile "/mosquitto/config/passwordfile".
1765155031: Error opening password file "/mosquitto/config/passwordfile".
1765155092: mosquitto version 2.0.22 starting
1765155092: Config loaded from /mosquitto/config/mosquitto.conf.
1765155092: Error: Unable to open pwfile "/mosquitto/config/passwordfile".
1765155092: Error opening password file "/mosquitto/config/passwordfile".
1765155153: mosquitto version 2.0.22 starting
1765155153: Config loaded from /mosquitto/config/mosquitto.conf.
1765155153: Error: Unable to open pwfile "/mosquitto/config/passwordfile".
1765155153: Error opening password file "/mosquitto/config/passwordfile".
1765155269: mosquitto version 2.0.22 starting
1765155269: Config loaded from /mosquitto/config/mosquitto.conf.
1765155269: Warning: File /mosquitto/config/passwordfile has world readable permissions. Future versions will refuse to load this file.
To fix this, use `chmod 0700 /mosquitto/config/passwordfile`.
1765155269: Opening ipv4 listen socket on port 1883.
1765155269: Opening ipv6 listen socket on port 1883.
1765155269: Opening websockets listen socket on port 9001.
1765155269: mosquitto version 2.0.22 running
1765155276: New client connected from ::ffff:172.21.0.1:48586 as mqttjs_d5e63262 (p2, c1, k60, u'toto').
1765155277: New connection from 172.21.0.4:56515 on port 1883.
1765155277: New client connected from 172.21.0.4:56515 as bridge-doors (p2, c1, k60, u'toto').
1765155347: New client connected from ::ffff:172.21.0.1:59644 as mqttjs_364fd702 (p2, c1, k60, u'toto').
1765155359: Client mqttjs_364fd702 closed its connection.
1765155382: Client <unknown> closed its connection.
1765155382: New client connected from ::ffff:172.21.0.1:49812 as mqttjs_fd90a706 (p2, c1, k60, u'toto').
1765155763: mosquitto version 2.0.22 terminating
1765155763: Saving in-memory database to /mosquitto/data//mosquitto.db.
1765155763: Client mqttjs_fd90a706 closed its connection.
1765155763: Client mqttjs_d5e63262 closed its connection.
1765155821: mosquitto version 2.0.22 starting
1765155821: Config loaded from /mosquitto/config/mosquitto.conf.
1765155821: Warning: File /mosquitto/config/passwordfile has world readable permissions. Future versions will refuse to load this file.
To fix this, use `chmod 0700 /mosquitto/config/passwordfile`.
1765155821: Opening ipv4 listen socket on port 1883.
1765155821: Opening ipv6 listen socket on port 1883.
1765155821: Opening websockets listen socket on port 9001.
1765155821: mosquitto version 2.0.22 running
1765155824: New client connected from ::ffff:172.21.0.1:60268 as mqttjs_fd90a706 (p2, c1, k60, u'toto').
1765155825: New client connected from ::ffff:172.21.0.1:60280 as mqttjs_d5e63262 (p2, c1, k60, u'toto').
1765155828: New connection from 172.21.0.8:33541 on port 1883.
1765155828: New client connected from 172.21.0.8:33541 as bridge-doors (p2, c1, k60, u'toto').
1765155829: Client mqttjs_fd90a706 closed its connection.
1765156007: mosquitto version 2.0.22 terminating
1765156007: Saving in-memory database to /mosquitto/data//mosquitto.db.
1765156007: Client mqttjs_d5e63262 closed its connection.
1765156078: mosquitto version 2.0.22 starting
1765156078: Config loaded from /mosquitto/config/mosquitto.conf.
1765156078: Warning: File /mosquitto/config/passwordfile has world readable permissions. Future versions will refuse to load this file.
To fix this, use `chmod 0700 /mosquitto/config/passwordfile`.
1765156078: Opening ipv4 listen socket on port 1883.
1765156078: Opening ipv6 listen socket on port 1883.
1765156078: Opening websockets listen socket on port 9001.
1765156078: mosquitto version 2.0.22 running
1765156082: New client connected from ::ffff:172.21.0.1:34328 as mqttjs_d5e63262 (p2, c1, k60, u'toto').
1765156083: New connection from 172.21.0.4:46671 on port 1883.
1765156083: New client connected from 172.21.0.4:46671 as bridge-doors (p2, c1, k60, u'toto').
1765156203: Client mqttjs_d5e63262 closed its connection.
1765156277: mosquitto version 2.0.22 terminating
1765156277: Saving in-memory database to /mosquitto/data//mosquitto.db.
1765156338: mosquitto version 2.0.22 starting
1765156338: Config loaded from /mosquitto/config/mosquitto.conf.
1765156338: Warning: File /mosquitto/config/passwordfile has world readable permissions. Future versions will refuse to load this file.
To fix this, use `chmod 0700 /mosquitto/config/passwordfile`.
1765156338: Opening ipv4 listen socket on port 1883.
1765156338: Opening ipv6 listen socket on port 1883.
1765156338: Opening websockets listen socket on port 9001.
1765156338: mosquitto version 2.0.22 running
1765156344: New connection from 172.21.0.4:54315 on port 1883.
1765156344: New client connected from 172.21.0.4:54315 as bridge-doors (p2, c1, k60, u'toto').
1765156448: Client <unknown> closed its connection.
1765156448: New client connected from ::ffff:172.21.0.1:34232 as mqttjs_d24fafed (p2, c1, k60, u'toto').
1765157046: mosquitto version 2.0.22 terminating
1765157046: Saving in-memory database to /mosquitto/data//mosquitto.db.
1765157046: Client mqttjs_d24fafed closed its connection.
1765157096: mosquitto version 2.0.22 starting
1765157096: Config loaded from /mosquitto/config/mosquitto.conf.
1765157096: Warning: File /mosquitto/config/passwordfile has world readable permissions. Future versions will refuse to load this file.
To fix this, use `chmod 0700 /mosquitto/config/passwordfile`.
1765157096: Opening ipv4 listen socket on port 1883.
1765157096: Opening ipv6 listen socket on port 1883.
1765157096: Opening websockets listen socket on port 9001.
1765157096: mosquitto version 2.0.22 running
1765157099: New client connected from ::ffff:172.21.0.1:58478 as mqttjs_d24fafed (p2, c1, k60, u'toto').
1765157101: New connection from 172.21.0.3:52315 on port 1883.
1765157101: New client connected from 172.21.0.3:52315 as bridge-doors (p2, c1, k60, u'toto').
1765157160: Client mqttjs_d24fafed closed its connection.
1765157179: Client <unknown> closed its connection.
1765157179: New client connected from ::ffff:172.21.0.1:44942 as mqttjs_32ddcdc3 (p2, c1, k60, u'toto').
1765157269: Client mqttjs_32ddcdc3 closed its connection.
1765157270: Client <unknown> closed its connection.
1765157270: New client connected from ::ffff:172.21.0.1:39092 as mqttjs_a48363ba (p2, c1, k60, u'toto').
1765157346: mosquitto version 2.0.22 terminating
1765157346: Saving in-memory database to /mosquitto/data//mosquitto.db.
1765157346: Client mqttjs_a48363ba closed its connection.
1765157391: mosquitto version 2.0.22 starting
1765157391: Config loaded from /mosquitto/config/mosquitto.conf.
1765157391: Warning: File /mosquitto/config/passwordfile has world readable permissions. Future versions will refuse to load this file.
To fix this, use `chmod 0700 /mosquitto/config/passwordfile`.
1765157391: Opening ipv4 listen socket on port 1883.
1765157391: Opening ipv6 listen socket on port 1883.
1765157391: Opening websockets listen socket on port 9001.
1765157391: mosquitto version 2.0.22 running
1765157397: New connection from 172.21.0.3:56005 on port 1883.
1765157397: New client connected from 172.21.0.3:56005 as bridge-doors (p2, c1, k60, u'toto').
1765157407: New client connected from ::ffff:172.21.0.1:58656 as mqttjs_a48363ba (p2, c1, k60, u'toto').
1765157411: Client mqttjs_a48363ba closed its connection.
1765157464: Client <unknown> closed its connection.
1765157464: New client connected from ::ffff:172.21.0.1:45878 as mqttjs_9ab74604 (p2, c1, k60, u'toto').
1765157769: mosquitto version 2.0.22 terminating
1765157769: Saving in-memory database to /mosquitto/data//mosquitto.db.
1765157769: Client mqttjs_9ab74604 closed its connection.
1765157831: mosquitto version 2.0.22 starting
1765157831: Config loaded from /mosquitto/config/mosquitto.conf.
1765157831: Warning: File /mosquitto/config/passwordfile has world readable permissions. Future versions will refuse to load this file.
To fix this, use `chmod 0700 /mosquitto/config/passwordfile`.
1765157831: Opening ipv4 listen socket on port 1883.
1765157831: Opening ipv6 listen socket on port 1883.
1765157831: Opening websockets listen socket on port 9001.
1765157831: mosquitto version 2.0.22 running
1765157834: New client connected from ::ffff:172.21.0.1:41992 as mqttjs_9ab74604 (p2, c1, k60, u'toto').
1765157836: New connection from 172.21.0.3:54037 on port 1883.
1765157836: New client connected from 172.21.0.3:54037 as bridge-doors (p2, c1, k60, u'toto').
1765157852: Client mqttjs_9ab74604 closed its connection.
1765157906: Client <unknown> closed its connection.
1765157906: New client connected from ::ffff:172.21.0.1:56004 as mqttjs_ba935468 (p2, c1, k60, u'toto').
1765158191: mosquitto version 2.0.22 terminating
1765158191: Saving in-memory database to /mosquitto/data//mosquitto.db.
1765158191: Client mqttjs_ba935468 closed its connection.
1765158335: mosquitto version 2.0.22 starting
1765158335: Config loaded from /mosquitto/config/mosquitto.conf.
1765158335: Warning: File /mosquitto/config/passwordfile has world readable permissions. Future versions will refuse to load this file.
To fix this, use `chmod 0700 /mosquitto/config/passwordfile`.
1765158335: Opening ipv4 listen socket on port 1883.
1765158335: Opening ipv6 listen socket on port 1883.
1765158335: Opening websockets listen socket on port 9001.
1765158335: mosquitto version 2.0.22 running
1765158339: New client connected from ::ffff:172.21.0.1:40988 as mqttjs_ba935468 (p2, c1, k60, u'toto').
1765158341: New connection from 172.21.0.3:52871 on port 1883.
1765158341: New client connected from 172.21.0.3:52871 as bridge-doors (p2, c1, k60, u'toto').
1765158398: Client mqttjs_ba935468 closed its connection.
1765158418: Client <unknown> closed its connection.
1765158418: New client connected from ::ffff:172.21.0.1:43444 as mqttjs_2eeda2b5 (p2, c1, k60, u'toto').
1765158725: mosquitto version 2.0.22 terminating
1765158725: Saving in-memory database to /mosquitto/data//mosquitto.db.
1765158725: Client mqttjs_2eeda2b5 closed its connection.
1765158870: mosquitto version 2.0.22 starting
1765158870: Config loaded from /mosquitto/config/mosquitto.conf.
1765158870: Warning: File /mosquitto/config/passwordfile has world readable permissions. Future versions will refuse to load this file.
To fix this, use `chmod 0700 /mosquitto/config/passwordfile`.
1765158870: Opening ipv4 listen socket on port 1883.
1765158870: Opening ipv6 listen socket on port 1883.
1765158870: Opening websockets listen socket on port 9001.
1765158870: mosquitto version 2.0.22 running
1765158871: New client connected from ::ffff:172.21.0.1:33950 as mqttjs_2eeda2b5 (p2, c1, k60, u'toto').
1765158880: New connection from 172.21.0.7:36743 on port 1883.
1765158880: New client connected from 172.21.0.7:36743 as bridge-doors (p2, c1, k60, u'toto').
1765158882: Client mqttjs_2eeda2b5 closed its connection.
1765158956: Client <unknown> closed its connection.
1765158957: New client connected from ::ffff:172.21.0.1:39348 as mqttjs_ab58f208 (p2, c1, k60, u'toto').
1765159233: mosquitto version 2.0.22 terminating
1765159233: Saving in-memory database to /mosquitto/data//mosquitto.db.
1765159233: Client mqttjs_ab58f208 closed its connection.
1765159279: mosquitto version 2.0.22 starting
1765159279: Config loaded from /mosquitto/config/mosquitto.conf.
1765159279: Warning: File /mosquitto/config/passwordfile has world readable permissions. Future versions will refuse to load this file.
To fix this, use `chmod 0700 /mosquitto/config/passwordfile`.
1765159279: Opening ipv4 listen socket on port 1883.
1765159279: Opening ipv6 listen socket on port 1883.
1765159279: Opening websockets listen socket on port 9001.
1765159279: mosquitto version 2.0.22 running
1765159280: New client connected from ::ffff:172.21.0.1:56338 as mqttjs_ab58f208 (p2, c1, k60, u'toto').
1765159287: New connection from 172.21.0.8:46571 on port 1883.
1765159287: New client connected from 172.21.0.8:46571 as bridge-doors (p2, c1, k60, u'toto').
1765159292: Client mqttjs_ab58f208 closed its connection.
1765159354: Client <unknown> closed its connection.
1765159354: New client connected from ::ffff:172.21.0.1:41610 as mqttjs_1bd0a8c3 (p2, c1, k60, u'toto').
1765159830: mosquitto version 2.0.22 terminating
1765159830: Saving in-memory database to /mosquitto/data//mosquitto.db.
1765159830: Client mqttjs_1bd0a8c3 closed its connection.
1765159877: mosquitto version 2.0.22 starting
1765159877: Config loaded from /mosquitto/config/mosquitto.conf.
1765159877: Warning: File /mosquitto/config/passwordfile has world readable permissions. Future versions will refuse to load this file.
To fix this, use `chmod 0700 /mosquitto/config/passwordfile`.
1765159877: Opening ipv4 listen socket on port 1883.
1765159877: Opening ipv6 listen socket on port 1883.
1765159877: Opening websockets listen socket on port 9001.
1765159877: mosquitto version 2.0.22 running
1765159879: New client connected from ::ffff:172.21.0.1:49916 as mqttjs_1bd0a8c3 (p2, c1, k60, u'toto').
1765159883: New connection from 172.21.0.7:53283 on port 1883.
1765159883: New client connected from 172.21.0.7:53283 as bridge-doors (p2, c1, k60, u'toto').
1765159896: Client mqttjs_1bd0a8c3 closed its connection.
1765159949: Client <unknown> closed its connection.
1765159949: New client connected from ::ffff:172.21.0.1:34722 as mqttjs_61afecc8 (p2, c1, k60, u'toto').
1765160748: mosquitto version 2.0.22 terminating
1765160748: Saving in-memory database to /mosquitto/data//mosquitto.db.
1765160748: Client mqttjs_61afecc8 closed its connection.
1765160811: mosquitto version 2.0.22 starting
1765160811: Config loaded from /mosquitto/config/mosquitto.conf.
1765160811: Warning: File /mosquitto/config/passwordfile has world readable permissions. Future versions will refuse to load this file.
To fix this, use `chmod 0700 /mosquitto/config/passwordfile`.
1765160811: Opening ipv4 listen socket on port 1883.
1765160811: Opening ipv6 listen socket on port 1883.
1765160811: Opening websockets listen socket on port 9001.
1765160811: mosquitto version 2.0.22 running
1765160814: New client connected from ::ffff:172.21.0.1:39358 as mqttjs_61afecc8 (p2, c1, k60, u'toto').
1765160816: New connection from 172.21.0.2:59813 on port 1883.
1765160816: New client connected from 172.21.0.2:59813 as bridge-doors (p2, c1, k60, u'toto').
1765160827: Client mqttjs_61afecc8 closed its connection.
1765160886: Client <unknown> closed its connection.
1765160886: New client connected from ::ffff:172.21.0.1:43402 as mqttjs_85af0a30 (p2, c1, k60, u'toto').
1765161019: mosquitto version 2.0.22 terminating
1765161019: Saving in-memory database to /mosquitto/data//mosquitto.db.
1765161019: Client mqttjs_85af0a30 closed its connection.
1765161077: mosquitto version 2.0.22 starting
1765161077: Config loaded from /mosquitto/config/mosquitto.conf.
1765161077: Warning: File /mosquitto/config/passwordfile has world readable permissions. Future versions will refuse to load this file.
To fix this, use `chmod 0700 /mosquitto/config/passwordfile`.
1765161077: Opening ipv4 listen socket on port 1883.
1765161077: Opening ipv6 listen socket on port 1883.
1765161077: Opening websockets listen socket on port 9001.
1765161077: mosquitto version 2.0.22 running
1765161080: New client connected from ::ffff:172.21.0.1:57688 as mqttjs_85af0a30 (p2, c1, k60, u'toto').
1765161088: Client mqttjs_85af0a30 closed its connection.
1765161091: New connection from 172.21.0.8:33977 on port 1883.
1765161091: New client connected from 172.21.0.8:33977 as bridge-doors (p2, c1, k60, u'toto').
1765161159: Client <unknown> closed its connection.
1765161159: New client connected from ::ffff:172.21.0.1:37060 as mqttjs_8100bbf4 (p2, c1, k60, u'toto').
1765161165: New connection from 172.21.0.3:38625 on port 1883.
1765161165: New client connected from 172.21.0.3:38625 as sim-porte-porte-12911747cd717bb0 (p2, c1, k60, u'toto').
1765161187: New connection from 172.21.0.3:41809 on port 1883.
1765161187: New client connected from 172.21.0.3:41809 as sim-badgeuse-badgeuse-136366d6a575e0b (p2, c1, k60, u'toto').
1765161212: New connection from 172.21.0.3:40199 on port 1883.
1765161212: New client connected from 172.21.0.3:40199 as sim-badgeuse-badgeuse-667c9eed13b9f6a8 (p2, c1, k60, u'toto').
1765161552: mosquitto version 2.0.22 terminating
1765161552: Saving in-memory database to /mosquitto/data//mosquitto.db.
1765161552: Client mqttjs_8100bbf4 closed its connection.
1765161693: mosquitto version 2.0.22 starting
1765161693: Config loaded from /mosquitto/config/mosquitto.conf.
1765161693: Warning: File /mosquitto/config/passwordfile has world readable permissions. Future versions will refuse to load this file.
To fix this, use `chmod 0700 /mosquitto/config/passwordfile`.
1765161693: Opening ipv4 listen socket on port 1883.
1765161693: Opening ipv6 listen socket on port 1883.
1765161693: Opening websockets listen socket on port 9001.
1765161693: mosquitto version 2.0.22 running
1765161696: New client connected from ::ffff:172.21.0.1:43020 as mqttjs_8100bbf4 (p2, c1, k60, u'toto').
1765161701: New connection from 172.21.0.5:39017 on port 1883.
1765161701: New client connected from 172.21.0.5:39017 as bridge-doors (p2, c1, k60, u'toto').
1765161761: Client mqttjs_8100bbf4 closed its connection.
1765161778: Client <unknown> closed its connection.
1765161778: New client connected from ::ffff:172.21.0.1:57706 as mqttjs_e2d5b818 (p2, c1, k60, u'toto').
1765161804: New connection from 172.21.0.9:42511 on port 1883.
1765161804: New client connected from 172.21.0.9:42511 as sim-porte-porte-4 (p2, c1, k60, u'toto').
1765161816: New connection from 172.21.0.9:43905 on port 1883.
1765161816: New client connected from 172.21.0.9:43905 as sim-porte-porte-5 (p2, c1, k60, u'toto').
1765161827: New connection from 172.21.0.9:38739 on port 1883.
1765161827: New client connected from 172.21.0.9:38739 as sim-badgeuse-badgeuse-6 (p2, c1, k60, u'toto').
1765161930: mosquitto version 2.0.22 terminating
1765161930: Saving in-memory database to /mosquitto/data//mosquitto.db.
1765161930: Client mqttjs_e2d5b818 closed its connection.
1765161979: mosquitto version 2.0.22 starting
1765161979: Config loaded from /mosquitto/config/mosquitto.conf.
1765161979: Warning: File /mosquitto/config/passwordfile has world readable permissions. Future versions will refuse to load this file.
To fix this, use `chmod 0700 /mosquitto/config/passwordfile`.
1765161979: Opening ipv4 listen socket on port 1883.
1765161979: Opening ipv6 listen socket on port 1883.
1765161979: Opening websockets listen socket on port 9001.
1765161979: mosquitto version 2.0.22 running
1765161982: New client connected from ::ffff:172.21.0.1:51488 as mqttjs_e2d5b818 (p2, c1, k60, u'toto').
1765161986: New connection from 172.21.0.5:58757 on port 1883.
1765161986: New client connected from 172.21.0.5:58757 as bridge-doors (p2, c1, k60, u'toto').
1765161989: Client mqttjs_e2d5b818 closed its connection.
1765162052: Client <unknown> closed its connection.
1765162053: New client connected from ::ffff:172.21.0.1:55910 as mqttjs_13384000 (p2, c1, k60, u'toto').
1765162125: New connection from 172.21.0.9:56033 on port 1883.
1765162125: New client connected from 172.21.0.9:56033 as sim-porte-porte-7 (p2, c1, k60, u'toto').
1765162131: New connection from 172.21.0.9:51487 on port 1883.
1765162131: New client connected from 172.21.0.9:51487 as sim-badgeuse-badgeuse-8 (p2, c1, k60, u'toto').
1765162325: mosquitto version 2.0.22 terminating
1765162325: Saving in-memory database to /mosquitto/data//mosquitto.db.
1765162325: Client mqttjs_13384000 closed its connection.
1765162487: mosquitto version 2.0.22 starting
1765162487: Config loaded from /mosquitto/config/mosquitto.conf.
1765162487: Warning: File /mosquitto/config/passwordfile has world readable permissions. Future versions will refuse to load this file.
To fix this, use `chmod 0700 /mosquitto/config/passwordfile`.
1765162487: Opening ipv4 listen socket on port 1883.
1765162487: Opening ipv6 listen socket on port 1883.
1765162487: Opening websockets listen socket on port 9001.
1765162487: mosquitto version 2.0.22 running
1765162493: New client connected from ::ffff:172.21.0.1:47084 as mqttjs_13384000 (p2, c1, k60, u'toto').
1765162495: New connection from 172.21.0.4:53265 on port 1883.
1765162495: New client connected from 172.21.0.4:53265 as bridge-doors (p2, c1, k60, u'toto').
1765162505: Client mqttjs_13384000 closed its connection.
1765162571: Client <unknown> closed its connection.
1765162572: New client connected from ::ffff:172.21.0.1:44606 as mqttjs_5df63fda (p2, c1, k60, u'toto').
1765162661: New connection from 172.21.0.8:47631 on port 1883.
1765162661: New client connected from 172.21.0.8:47631 as sim-badgeuse-badgeuse-6 (p2, c1, k60, u'toto').
1765162664: Client sim-badgeuse-badgeuse-6 disconnected.
1765162669: New connection from 172.21.0.8:40621 on port 1883.
1765162669: New client connected from 172.21.0.8:40621 as sim-badgeuse-badgeuse-6 (p2, c1, k60, u'toto').
1765162671: Client sim-badgeuse-badgeuse-6 disconnected.
1765162679: New connection from 172.21.0.8:52775 on port 1883.
1765162679: New client connected from 172.21.0.8:52775 as sim-porte-porte-6 (p2, c1, k60, u'toto').
1765162685: New connection from 172.21.0.8:60099 on port 1883.
1765162685: New client connected from 172.21.0.8:60099 as sim-badgeuse-badgeuse-12 (p2, c1, k60, u'toto').
1765162756: New client connected from ::ffff:172.21.0.1:58824 as mqttx_9584a518 (p5, c1, k60, u'toto').
1765162757: Client mqttx_9584a518 closed its connection.
1765162769: New client connected from ::ffff:172.21.0.1:34068 as mqttx_9584a518 (p5, c1, k60, u'toto').
1765162981: Client mqttx_9584a518 closed its connection.
1765163216: mosquitto version 2.0.22 terminating
1765163216: Saving in-memory database to /mosquitto/data//mosquitto.db.
1765163216: Client mqttjs_5df63fda closed its connection.
1765163265: mosquitto version 2.0.22 starting
1765163265: Config loaded from /mosquitto/config/mosquitto.conf.
1765163265: Warning: File /mosquitto/config/passwordfile has world readable permissions. Future versions will refuse to load this file.
To fix this, use `chmod 0700 /mosquitto/config/passwordfile`.
1765163265: Opening ipv4 listen socket on port 1883.
1765163265: Opening ipv6 listen socket on port 1883.
1765163265: Opening websockets listen socket on port 9001.
1765163265: mosquitto version 2.0.22 running
1765163269: New client connected from ::ffff:172.21.0.1:36094 as mqttjs_5df63fda (p2, c1, k60, u'toto').
1765163271: New connection from 172.21.0.7:50867 on port 1883.
1765163271: New client connected from 172.21.0.7:50867 as bridge-doors (p2, c1, k60, u'toto').
1765163280: Client mqttjs_5df63fda closed its connection.
1765163342: Client <unknown> closed its connection.
1765163342: New client connected from ::ffff:172.21.0.1:52248 as mqttjs_b343ef09 (p2, c1, k60, u'toto').
1765163352: Client mqttjs_b343ef09 closed its connection.
1765163352: Client <unknown> closed its connection.
1765163353: New client connected from ::ffff:172.21.0.1:37554 as mqttjs_72d4dd90 (p2, c1, k60, u'toto').
1765163362: New connection from 172.21.0.3:51239 on port 1883.
1765163362: New client connected from 172.21.0.3:51239 as sim-badgeuse-badgeuse-13 (p2, c1, k60, u'toto').
1765163396: New connection from 172.21.0.3:33227 on port 1883.
1765163396: New client connected from 172.21.0.3:33227 as sim-porte-porte-14 (p2, c1, k60, u'toto').
1765163399: New connection from 172.21.0.3:47931 on port 1883.
1765163399: New client connected from 172.21.0.3:47931 as sim-badgeuse-badgeuse-15 (p2, c1, k60, u'toto').
1765163615: mosquitto version 2.0.22 terminating
1765163615: Saving in-memory database to /mosquitto/data//mosquitto.db.
1765163615: Client mqttjs_72d4dd90 closed its connection.
1765164394: mosquitto version 2.0.22 starting
1765164394: Config loaded from /mosquitto/config/mosquitto.conf.
1765164394: Warning: File /mosquitto/config/passwordfile has world readable permissions. Future versions will refuse to load this file.
To fix this, use `chmod 0700 /mosquitto/config/passwordfile`.
1765164394: Opening ipv4 listen socket on port 1883.
1765164394: Opening ipv6 listen socket on port 1883.
1765164394: Opening websockets listen socket on port 9001.
1765164394: mosquitto version 2.0.22 running
1765164401: New client connected from ::ffff:172.21.0.1:55096 as mqttjs_72d4dd90 (p2, c1, k60, u'toto').
1765164407: New connection from 172.21.0.8:34137 on port 1883.
1765164407: New client connected from 172.21.0.8:34137 as bridge-doors (p2, c1, k60, u'toto').
1765164408: Client mqttjs_72d4dd90 closed its connection.
1765164477: Client <unknown> closed its connection.
1765164477: New client connected from ::ffff:172.21.0.1:51478 as mqttjs_867c1713 (p2, c1, k60, u'toto').
1765223177: mosquitto version 2.0.22 starting
1765223177: Config loaded from /mosquitto/config/mosquitto.conf.
1765223177: Warning: File /mosquitto/config/passwordfile has world readable permissions. Future versions will refuse to load this file.
To fix this, use `chmod 0700 /mosquitto/config/passwordfile`.
1765223177: Opening ipv4 listen socket on port 1883.
1765223177: Opening ipv6 listen socket on port 1883.
1765223177: Opening websockets listen socket on port 9001.
1765223177: mosquitto version 2.0.22 running
1765223193: New connection from 172.21.0.3:60429 on port 1883.
1765223193: New client connected from 172.21.0.3:60429 as bridge-doors (p2, c1, k60, u'toto').
1765223322: Client bridge-doors closed its connection.
1765223355: New connection from 172.21.0.4:40657 on port 1883.
1765223355: New client connected from 172.21.0.4:40657 as bridge-doors (p2, c1, k60, u'toto').
1765223536: Client <unknown> closed its connection.
1765223536: New client connected from ::ffff:172.21.0.1:49822 as mqttjs_7dffbbd1 (p2, c1, k60, u'toto').
1765224236: mosquitto version 2.0.22 terminating
1765224236: Saving in-memory database to /mosquitto/data//mosquitto.db.
1765224236: Client mqttjs_7dffbbd1 closed its connection.
1765224301: mosquitto version 2.0.22 starting
1765224301: Config loaded from /mosquitto/config/mosquitto.conf.
1765224301: Warning: File /mosquitto/config/passwordfile has world readable permissions. Future versions will refuse to load this file.
To fix this, use `chmod 0700 /mosquitto/config/passwordfile`.
1765224301: Opening ipv4 listen socket on port 1883.
1765224301: Opening ipv6 listen socket on port 1883.
1765224301: Opening websockets listen socket on port 9001.
1765224301: mosquitto version 2.0.22 running
1765224304: New client connected from ::ffff:172.21.0.1:53130 as mqttjs_7dffbbd1 (p2, c1, k60, u'toto').
1765224304: New connection from 172.21.0.4:41843 on port 1883.
1765224304: New client connected from 172.21.0.4:41843 as bridge-doors (p2, c1, k60, u'toto').
1765224416: Client mqttjs_7dffbbd1 closed its connection.
1765224441: Client <unknown> closed its connection.
1765224441: New client connected from ::ffff:172.21.0.1:40254 as mqttjs_220a9393 (p2, c1, k60, u'toto').
1765224718: mosquitto version 2.0.22 terminating
1765224718: Saving in-memory database to /mosquitto/data//mosquitto.db.
1765224718: Client mqttjs_220a9393 closed its connection.
1765224769: mosquitto version 2.0.22 starting
1765224769: Config loaded from /mosquitto/config/mosquitto.conf.
1765224769: Warning: File /mosquitto/config/passwordfile has world readable permissions. Future versions will refuse to load this file.
To fix this, use `chmod 0700 /mosquitto/config/passwordfile`.
1765224769: Opening ipv4 listen socket on port 1883.
1765224769: Opening ipv6 listen socket on port 1883.
1765224769: Opening websockets listen socket on port 9001.
1765224769: mosquitto version 2.0.22 running
1765224771: New client connected from ::ffff:172.21.0.1:42788 as mqttjs_220a9393 (p2, c1, k60, u'toto').
1765224776: New connection from 172.21.0.2:49489 on port 1883.
1765224776: New client connected from 172.21.0.2:49489 as bridge-doors (p2, c1, k60, u'toto').
1765224855: Client mqttjs_220a9393 closed its connection.
1765224891: Client <unknown> closed its connection.
1765224891: New client connected from ::ffff:172.21.0.1:33488 as mqttjs_0608cc6b (p2, c1, k60, u'toto').
1765224893: Client <unknown> closed its connection.
1765224893: New client connected from ::ffff:172.21.0.1:33504 as mqttjs_940dac72 (p2, c1, k60, u'toto').
1765225375: mosquitto version 2.0.22 terminating
1765225375: Saving in-memory database to /mosquitto/data//mosquitto.db.
1765225375: Client mqttjs_940dac72 closed its connection.
1765225375: Client mqttjs_0608cc6b closed its connection.
1765225427: mosquitto version 2.0.22 starting
1765225427: Config loaded from /mosquitto/config/mosquitto.conf.
1765225427: Warning: File /mosquitto/config/passwordfile has world readable permissions. Future versions will refuse to load this file.
To fix this, use `chmod 0700 /mosquitto/config/passwordfile`.
1765225427: Opening ipv4 listen socket on port 1883.
1765225427: Opening ipv6 listen socket on port 1883.
1765225427: Opening websockets listen socket on port 9001.
1765225427: mosquitto version 2.0.22 running
1765225430: New client connected from ::ffff:172.21.0.1:42804 as mqttjs_940dac72 (p2, c1, k60, u'toto').
1765225431: New client connected from ::ffff:172.21.0.1:42818 as mqttjs_0608cc6b (p2, c1, k60, u'toto').
1765225432: New connection from 172.21.0.4:49717 on port 1883.
1765225432: New client connected from 172.21.0.4:49717 as bridge-doors (p2, c1, k60, u'toto').
1765225577: Client mqttjs_0608cc6b closed its connection.
1765225619: Client <unknown> closed its connection.
1765225620: New client connected from ::ffff:172.21.0.1:40836 as mqttjs_19c9b4d5 (p2, c1, k60, u'toto').
1765225642: Client mqttjs_19c9b4d5 closed its connection.
1765225643: Client <unknown> closed its connection.
1765225644: New client connected from ::ffff:172.21.0.1:51916 as mqttjs_d404c148 (p2, c1, k60, u'toto').
1765225680: Client mqttjs_d404c148 closed its connection.
1765225680: Client <unknown> closed its connection.
1765225680: New client connected from ::ffff:172.21.0.1:44574 as mqttjs_5a1a1e3e (p2, c1, k60, u'toto').
1765225770: Client mqttjs_940dac72 closed its connection.
1765225773: Client <unknown> closed its connection.
1765225778: New client connected from ::ffff:172.21.0.1:57906 as mqttjs_0c58e486 (p2, c1, k60, u'toto').
1765225779: New connection from 172.21.0.8:45215 on port 1883.
1765225779: New client connected from 172.21.0.8:45215 as sim-porte-porte-16 (p2, c1, k60, u'toto').
1765225783: New connection from 172.21.0.8:58327 on port 1883.
1765225783: New client connected from 172.21.0.8:58327 as sim-badgeuse-badgeuse-17 (p2, c1, k60, u'toto').
1765225795: Client mqttjs_5a1a1e3e closed its connection.
1765225796: Client <unknown> closed its connection.
1765225796: New client connected from ::ffff:172.21.0.1:36964 as mqttjs_d30c03e9 (p2, c1, k60, u'toto').
1765225808: Client mqttjs_d30c03e9 closed its connection.
1765225809: Client <unknown> closed its connection.
1765225809: New client connected from ::ffff:172.21.0.1:54222 as mqttjs_7f65bf77 (p2, c1, k60, u'toto').
1765225824: mosquitto version 2.0.22 terminating
1765225824: Saving in-memory database to /mosquitto/data//mosquitto.db.
1765225824: Client mqttjs_7f65bf77 closed its connection.
1765225824: Client mqttjs_0c58e486 closed its connection.
1765225895: mosquitto version 2.0.22 starting
1765225895: Config loaded from /mosquitto/config/mosquitto.conf.
1765225895: Warning: File /mosquitto/config/passwordfile has world readable permissions. Future versions will refuse to load this file.
To fix this, use `chmod 0700 /mosquitto/config/passwordfile`.
1765225895: Opening ipv4 listen socket on port 1883.
1765225895: Opening ipv6 listen socket on port 1883.
1765225895: Opening websockets listen socket on port 9001.
1765225895: mosquitto version 2.0.22 running
1765225897: New client connected from ::ffff:172.21.0.1:33284 as mqttjs_0c58e486 (p2, c1, k60, u'toto').
1765225899: New client connected from ::ffff:172.21.0.1:33288 as mqttjs_7f65bf77 (p2, c1, k60, u'toto').
1765225901: New connection from 172.21.0.4:60873 on port 1883.
1765225901: New client connected from 172.21.0.4:60873 as bridge-doors (p2, c1, k60, u'toto').
1765225912: Client mqttjs_7f65bf77 closed its connection.
1765226064: Client <unknown> closed its connection.
1765226064: New client connected from ::ffff:172.21.0.1:41082 as mqttjs_d711e503 (p2, c1, k60, u'toto').
1765226099: Client mqttjs_0c58e486 closed its connection.
1765226104: Client <unknown> closed its connection.
1765226104: New client connected from ::ffff:172.21.0.1:53968 as mqttjs_55bb6a91 (p2, c1, k60, u'toto').
1765226425: mosquitto version 2.0.22 terminating
1765226425: Saving in-memory database to /mosquitto/data//mosquitto.db.
1765226425: Client mqttjs_55bb6a91 closed its connection.
1765226425: Client mqttjs_d711e503 closed its connection.
1765226475: mosquitto version 2.0.22 starting
1765226475: Config loaded from /mosquitto/config/mosquitto.conf.
1765226475: Warning: File /mosquitto/config/passwordfile has world readable permissions. Future versions will refuse to load this file.
To fix this, use `chmod 0700 /mosquitto/config/passwordfile`.
1765226475: Opening ipv4 listen socket on port 1883.
1765226475: Opening ipv6 listen socket on port 1883.
1765226475: Opening websockets listen socket on port 9001.
1765226475: mosquitto version 2.0.22 running
1765226477: New client connected from ::ffff:172.21.0.1:53944 as mqttjs_55bb6a91 (p2, c1, k60, u'toto').
1765226478: New client connected from ::ffff:172.21.0.1:53946 as mqttjs_d711e503 (p2, c1, k60, u'toto').
1765226483: New connection from 172.21.0.5:49595 on port 1883.
1765226483: New client connected from 172.21.0.5:49595 as bridge-doors (p2, c1, k60, u'toto').
1765226527: Client mqttjs_d711e503 closed its connection.
1765226593: Client <unknown> closed its connection.
1765226593: New client connected from ::ffff:172.21.0.1:55258 as mqttjs_698341c7 (p2, c1, k60, u'toto').
1765226619: New connection from 172.21.0.2:43753 on port 1883.
1765226619: New client connected from 172.21.0.2:43753 as sim-porte-porte-18 (p2, c1, k60, u'toto').
1765226626: Client mqttjs_698341c7 closed its connection.
1765226627: Client <unknown> closed its connection.
1765226627: New client connected from ::ffff:172.21.0.1:40176 as mqttjs_3fab1a51 (p2, c1, k60, u'toto').
1765226631: Client mqttjs_3fab1a51 closed its connection.
1765226631: Client <unknown> closed its connection.
1765226632: New client connected from ::ffff:172.21.0.1:40196 as mqttjs_c1c5bdfc (p2, c1, k60, u'toto').
1765226638: New connection from 172.21.0.2:39653 on port 1883.
1765226638: New client connected from 172.21.0.2:39653 as sim-badgeuse-badgeuse-19 (p2, c1, k60, u'toto').
1765226642: Client mqttjs_55bb6a91 closed its connection.
1765226644: Client <unknown> closed its connection.
1765226644: New client connected from ::ffff:172.21.0.1:45452 as mqttjs_f09a6c13 (p2, c1, k60, u'toto').
1765226648: Client mqttjs_c1c5bdfc closed its connection.
1765226648: Client <unknown> closed its connection.
1765226648: New client connected from ::ffff:172.21.0.1:45470 as mqttjs_bbb9ac57 (p2, c1, k60, u'toto').
1765226650: Client mqttjs_bbb9ac57 closed its connection.
1765226651: Client <unknown> closed its connection.
1765226651: New client connected from ::ffff:172.21.0.1:45500 as mqttjs_579b34ab (p2, c1, k60, u'toto').
1765227295: mosquitto version 2.0.22 terminating
1765227295: Saving in-memory database to /mosquitto/data//mosquitto.db.
1765227295: Client mqttjs_579b34ab closed its connection.
1765227295: Client mqttjs_f09a6c13 closed its connection.
1765227790: mosquitto version 2.0.22 starting
1765227790: Config loaded from /mosquitto/config/mosquitto.conf.
1765227790: Warning: File /mosquitto/config/passwordfile has world readable permissions. Future versions will refuse to load this file.
To fix this, use `chmod 0700 /mosquitto/config/passwordfile`.
1765227790: Opening ipv4 listen socket on port 1883.
1765227790: Opening ipv6 listen socket on port 1883.
1765227790: Opening websockets listen socket on port 9001.
1765227790: mosquitto version 2.0.22 running
1765227794: New client connected from ::ffff:172.21.0.1:53920 as mqttjs_f09a6c13 (p2, c1, k60, u'toto').
1765227795: New client connected from ::ffff:172.21.0.1:53932 as mqttjs_579b34ab (p2, c1, k60, u'toto').
1765227796: New connection from 172.21.0.2:46619 on port 1883.
1765227796: New client connected from 172.21.0.2:46619 as bridge-doors (p2, c1, k60, u'toto').
1765228281: mosquitto version 2.0.22 terminating
1765228281: Saving in-memory database to /mosquitto/data//mosquitto.db.
1765228281: Client mqttjs_579b34ab closed its connection.
1765228281: Client mqttjs_f09a6c13 closed its connection.
1765228349: mosquitto version 2.0.22 starting
1765228349: Config loaded from /mosquitto/config/mosquitto.conf.
1765228349: Warning: File /mosquitto/config/passwordfile has world readable permissions. Future versions will refuse to load this file.
To fix this, use `chmod 0700 /mosquitto/config/passwordfile`.
1765228349: Opening ipv4 listen socket on port 1883.
1765228349: Opening ipv6 listen socket on port 1883.
1765228349: Opening websockets listen socket on port 9001.
1765228349: mosquitto version 2.0.22 running
1765228351: New client connected from ::ffff:172.21.0.1:54452 as mqttjs_f09a6c13 (p2, c1, k60, u'toto').
1765228351: New client connected from ::ffff:172.21.0.1:54464 as mqttjs_579b34ab (p2, c1, k60, u'toto').
1765228358: New connection from 172.21.0.6:38959 on port 1883.
1765228358: New client connected from 172.21.0.6:38959 as bridge-doors (p2, c1, k60, u'toto').
1765228774: mosquitto version 2.0.22 terminating
1765228774: Saving in-memory database to /mosquitto/data//mosquitto.db.
1765228774: Client mqttjs_579b34ab closed its connection.
1765228774: Client mqttjs_f09a6c13 closed its connection.
1765228843: mosquitto version 2.0.22 starting
1765228843: Config loaded from /mosquitto/config/mosquitto.conf.
1765228843: Warning: File /mosquitto/config/passwordfile has world readable permissions. Future versions will refuse to load this file.
To fix this, use `chmod 0700 /mosquitto/config/passwordfile`.
1765228843: Opening ipv4 listen socket on port 1883.
1765228843: Opening ipv6 listen socket on port 1883.
1765228843: Opening websockets listen socket on port 9001.
1765228843: mosquitto version 2.0.22 running
1765228845: New client connected from ::ffff:172.21.0.1:52880 as mqttjs_f09a6c13 (p2, c1, k60, u'toto').
1765228845: New client connected from ::ffff:172.21.0.1:52890 as mqttjs_579b34ab (p2, c1, k60, u'toto').
1765228851: New connection from 172.21.0.7:54309 on port 1883.
1765228851: New client connected from 172.21.0.7:54309 as bridge-doors (p2, c1, k60, u'toto').
1765230378: Client mqttjs_f09a6c13 closed its connection.
1765230378: Client mqttjs_579b34ab closed its connection.
1765230644: Saving in-memory database to /mosquitto/data//mosquitto.db.
1765232448: Saving in-memory database to /mosquitto/data//mosquitto.db.
1765234249: Saving in-memory database to /mosquitto/data//mosquitto.db.
1765236050: Saving in-memory database to /mosquitto/data//mosquitto.db.
1765237851: Saving in-memory database to /mosquitto/data//mosquitto.db.
1765239652: Saving in-memory database to /mosquitto/data//mosquitto.db.
1765241453: Saving in-memory database to /mosquitto/data//mosquitto.db.
1765243254: Saving in-memory database to /mosquitto/data//mosquitto.db.
1765245055: Saving in-memory database to /mosquitto/data//mosquitto.db.
1765246855: Saving in-memory database to /mosquitto/data//mosquitto.db.
1765248656: Saving in-memory database to /mosquitto/data//mosquitto.db.
1765250457: Saving in-memory database to /mosquitto/data//mosquitto.db.
1765252258: Saving in-memory database to /mosquitto/data//mosquitto.db.
1765254059: Saving in-memory database to /mosquitto/data//mosquitto.db.
1765274991: mosquitto version 2.0.22 starting
1765274991: Config loaded from /mosquitto/config/mosquitto.conf.
1765274991: Warning: File /mosquitto/config/passwordfile has world readable permissions. Future versions will refuse to load this file.
To fix this, use `chmod 0700 /mosquitto/config/passwordfile`.
1765274991: Opening ipv4 listen socket on port 1883.
1765274991: Opening ipv6 listen socket on port 1883.
1765274991: Opening websockets listen socket on port 9001.
1765274991: mosquitto version 2.0.22 running
1765275009: New connection from 172.21.0.2:48019 on port 1883.
1765275009: New client connected from 172.21.0.2:48019 as bridge-doors (p2, c1, k60, u'toto').
1765275246: Client bridge-doors closed its connection.
1765275269: New connection from 172.21.0.4:56237 on port 1883.
1765275269: New client connected from 172.21.0.4:56237 as bridge-doors (p2, c1, k60, u'toto').
1765276791: Saving in-memory database to /mosquitto/data//mosquitto.db.
1765276791: Client <unknown> closed its connection.
1765276791: New client connected from ::ffff:172.21.0.1:54956 as mqttjs_efa48ec2 (p2, c1, k60, u'toto').
1765278592: Saving in-memory database to /mosquitto/data//mosquitto.db.
1765278683: Client mqttjs_efa48ec2 closed its connection.
1765280393: Saving in-memory database to /mosquitto/data//mosquitto.db.
1765282194: Saving in-memory database to /mosquitto/data//mosquitto.db.
1765283994: Saving in-memory database to /mosquitto/data//mosquitto.db.
1765285795: Saving in-memory database to /mosquitto/data//mosquitto.db.
1765287596: Saving in-memory database to /mosquitto/data//mosquitto.db.
1765289397: Saving in-memory database to /mosquitto/data//mosquitto.db.
1765291198: Saving in-memory database to /mosquitto/data//mosquitto.db.
1765291289: New client connected from ::ffff:172.21.0.1:38396 as mqttjs_efa48ec2 (p2, c1, k60, u'toto').
1765292999: Saving in-memory database to /mosquitto/data//mosquitto.db.
1765294799: Saving in-memory database to /mosquitto/data//mosquitto.db.
1765296600: Saving in-memory database to /mosquitto/data//mosquitto.db.
1765298401: Saving in-memory database to /mosquitto/data//mosquitto.db.
1765299402: Client mqttjs_efa48ec2 closed its connection.
1765300202: Saving in-memory database to /mosquitto/data//mosquitto.db.
1765302003: Saving in-memory database to /mosquitto/data//mosquitto.db.
1765303804: Saving in-memory database to /mosquitto/data//mosquitto.db.
1765305605: Saving in-memory database to /mosquitto/data//mosquitto.db.
1765311880: Saving in-memory database to /mosquitto/data//mosquitto.db.
1765312613: Client <unknown> closed its connection.
1765312613: New client connected from ::ffff:172.21.0.1:43896 as mqttjs_6c729355 (p2, c1, k60, u'toto').
1765312825: Client mqttjs_6c729355 closed its connection.
1765313169: New client connected from ::ffff:172.21.0.1:48982 as mqttjs_6c729355 (p2, c1, k60, u'toto').
1765313681: Saving in-memory database to /mosquitto/data//mosquitto.db.
1765315481: Saving in-memory database to /mosquitto/data//mosquitto.db.
1765315536: Client mqttjs_6c729355 closed its connection.
1765317282: Saving in-memory database to /mosquitto/data//mosquitto.db.
1765319083: Saving in-memory database to /mosquitto/data//mosquitto.db.
1765320884: Saving in-memory database to /mosquitto/data//mosquitto.db.
1765322685: Saving in-memory database to /mosquitto/data//mosquitto.db.
1765324485: Saving in-memory database to /mosquitto/data//mosquitto.db.
1765360631: mosquitto version 2.0.22 starting
1765360631: Config loaded from /mosquitto/config/mosquitto.conf.
1765360631: Warning: File /mosquitto/config/passwordfile has world readable permissions. Future versions will refuse to load this file.
To fix this, use `chmod 0700 /mosquitto/config/passwordfile`.
1765360631: Opening ipv4 listen socket on port 1883.
1765360631: Opening ipv6 listen socket on port 1883.
1765360631: Opening websockets listen socket on port 9001.
1765360631: mosquitto version 2.0.22 running
1765360643: New connection from 172.21.0.7:58855 on port 1883.
1765360643: New client connected from 172.21.0.7:58855 as bridge-doors (p2, c1, k60, u'toto').
1765361685: mosquitto version 2.0.22 terminating
1765361685: Saving in-memory database to /mosquitto/data//mosquitto.db.
1765361750: mosquitto version 2.0.22 starting
1765361750: Config loaded from /mosquitto/config/mosquitto.conf.
1765361750: Warning: File /mosquitto/config/passwordfile has world readable permissions. Future versions will refuse to load this file.
To fix this, use `chmod 0700 /mosquitto/config/passwordfile`.
1765361750: Opening ipv4 listen socket on port 1883.
1765361750: Opening ipv6 listen socket on port 1883.
1765361750: Opening websockets listen socket on port 9001.
1765361750: mosquitto version 2.0.22 running
1765361757: New connection from 172.21.0.4:39411 on port 1883.
1765361757: New client connected from 172.21.0.4:39411 as bridge-doors (p2, c1, k60, u'toto').
1765362440: mosquitto version 2.0.22 terminating
1765362440: Saving in-memory database to /mosquitto/data//mosquitto.db.
1765362527: mosquitto version 2.0.22 starting
1765362527: Config loaded from /mosquitto/config/mosquitto.conf.
1765362527: Warning: File /mosquitto/config/passwordfile has world readable permissions. Future versions will refuse to load this file.
To fix this, use `chmod 0700 /mosquitto/config/passwordfile`.
1765362527: Opening ipv4 listen socket on port 1883.
1765362527: Opening ipv6 listen socket on port 1883.
1765362527: Opening websockets listen socket on port 9001.
1765362527: mosquitto version 2.0.22 running
1765362532: New connection from 172.21.0.6:47245 on port 1883.
1765362532: New client connected from 172.21.0.6:47245 as bridge-doors (p2, c1, k60, u'toto').
1765362731: Client <unknown> closed its connection.
1765362731: New client connected from ::ffff:172.21.0.1:38068 as mqttjs_ae2a8041 (p2, c1, k60, u'toto').
1765362756: New connection from 172.21.0.10:44761 on port 1883.
1765362756: New client connected from 172.21.0.10:44761 as sim-porte-porte-20 (p2, c1, k60, u'toto').
1765362759: New connection from 172.21.0.10:45133 on port 1883.
1765362759: New client connected from 172.21.0.10:45133 as sim-badgeuse-badgeuse-21 (p2, c1, k60, u'toto').
1765363233: mosquitto version 2.0.22 terminating
1765363233: Saving in-memory database to /mosquitto/data//mosquitto.db.
1765363233: Client mqttjs_ae2a8041 closed its connection.
1765363294: mosquitto version 2.0.22 starting
1765363294: Config loaded from /mosquitto/config/mosquitto.conf.
1765363294: Warning: File /mosquitto/config/passwordfile has world readable permissions. Future versions will refuse to load this file.
To fix this, use `chmod 0700 /mosquitto/config/passwordfile`.
1765363294: Opening ipv4 listen socket on port 1883.
1765363294: Opening ipv6 listen socket on port 1883.
1765363294: Opening websockets listen socket on port 9001.
1765363294: mosquitto version 2.0.22 running
1765363297: New client connected from ::ffff:172.21.0.1:58848 as mqttjs_ae2a8041 (p2, c1, k60, u'toto').
1765363303: New connection from 172.21.0.3:54201 on port 1883.
1765363303: New client connected from 172.21.0.3:54201 as bridge-doors (p2, c1, k60, u'toto').
1765363748: mosquitto version 2.0.22 terminating
1765363748: Saving in-memory database to /mosquitto/data//mosquitto.db.
1765363748: Client mqttjs_ae2a8041 closed its connection.
1765363983: mosquitto version 2.0.22 starting
1765363983: Config loaded from /mosquitto/config/mosquitto.conf.
1765363983: Warning: File /mosquitto/config/passwordfile has world readable permissions. Future versions will refuse to load this file.
To fix this, use `chmod 0700 /mosquitto/config/passwordfile`.
1765363983: Opening ipv4 listen socket on port 1883.
1765363983: Opening ipv6 listen socket on port 1883.
1765363983: Opening websockets listen socket on port 9001.
1765363983: mosquitto version 2.0.22 running
1765363984: New client connected from ::ffff:172.21.0.1:38896 as mqttjs_ae2a8041 (p2, c1, k60, u'toto').
1765363988: New connection from 172.21.0.6:47217 on port 1883.
1765363988: New client connected from 172.21.0.6:47217 as bridge-doors (p2, c1, k60, u'toto').
1765364212: Client mqttjs_ae2a8041 closed its connection.
1765364226: Client <unknown> closed its connection.
1765364226: New client connected from ::ffff:172.21.0.1:47832 as mqttjs_94f07dd6 (p2, c1, k60, u'toto').
1765364268: New connection from 172.21.0.4:49717 on port 1883.
1765364268: New client connected from 172.21.0.4:49717 as sim-badgeuse-badgeuse-22 (p2, c1, k60, u'toto').
1765364288: New connection from 172.21.0.4:36265 on port 1883.
1765364288: New client connected from 172.21.0.4:36265 as sim-porte-porte-23 (p2, c1, k60, u'toto').
1765364290: New connection from 172.21.0.4:34669 on port 1883.
1765364290: New client connected from 172.21.0.4:34669 as sim-badgeuse-badgeuse-24 (p2, c1, k60, u'toto').
1765365388: New client connected from ::ffff:172.21.0.1:55946 as mqttx_e887e6e2 (p5, c1, k60, u'toto').
1765365783: Saving in-memory database to /mosquitto/data//mosquitto.db.
1765366008: Client mqttx_e887e6e2 closed its connection.
1765366084: New client connected from ::ffff:172.21.0.1:53366 as mqttx_e887e6e2 (p5, c1, k60, u'toto').
1765366144: Client mqttx_e887e6e2 closed its connection.
1765366204: New client connected from ::ffff:172.21.0.1:51788 as mqttx_e887e6e2 (p5, c1, k60, u'toto').
1765366264: Client mqttx_e887e6e2 closed its connection.
1765366324: New client connected from ::ffff:172.21.0.1:47134 as mqttx_e887e6e2 (p5, c1, k60, u'toto').
1765366384: Client mqttx_e887e6e2 closed its connection.
1765366444: New client connected from ::ffff:172.21.0.1:34106 as mqttx_e887e6e2 (p5, c1, k60, u'toto').
1765366471: Client mqttx_e887e6e2 closed its connection.
1765366472: New client connected from ::ffff:172.21.0.1:39132 as mqttx_e887e6e2 (p5, c1, k60, u'toto').
1765366894: Client mqttx_e887e6e2 closed its connection.
1765367044: New client connected from ::ffff:172.21.0.1:45192 as mqttx_e887e6e2 (p5, c1, k60, u'toto').
1765367104: Client mqttx_e887e6e2 closed its connection.
1765367157: mosquitto version 2.0.22 terminating
1765367157: Saving in-memory database to /mosquitto/data//mosquitto.db.
1765367157: Client <unknown> closed its connection.
1765367157: Client mqttjs_94f07dd6 closed its connection.
1765367290: mosquitto version 2.0.22 starting
1765367290: Config loaded from /mosquitto/config/mosquitto.conf.
1765367290: Warning: File /mosquitto/config/passwordfile has world readable permissions. Future versions will refuse to load this file.
To fix this, use `chmod 0700 /mosquitto/config/passwordfile`.
1765367290: Opening ipv4 listen socket on port 1883.
1765367290: Opening ipv6 listen socket on port 1883.
1765367290: Opening websockets listen socket on port 9001.
1765367290: mosquitto version 2.0.22 running
1765367295: New connection from 172.21.0.4:60233 on port 1883.
1765367295: New client connected from 172.21.0.4:60233 as bridge-doors (p2, c1, k60, u'toto').
1765367297: New client connected from ::ffff:172.21.0.1:53450 as mqttjs_94f07dd6 (p2, c1, k60, u'toto').
1765367312: New client connected from ::ffff:172.21.0.1:57746 as mqttx_e887e6e2 (p5, c1, k60, u'toto').
1765367320: Client mqttjs_94f07dd6 closed its connection.
1765367396: Client <unknown> closed its connection.
1765367396: New client connected from ::ffff:172.21.0.1:54840 as mqttjs_edb20a01 (p2, c1, k60, u'toto').
1765367478: New connection from 172.21.0.5:46609 on port 1883.
1765367478: New client connected from 172.21.0.5:46609 as sim-porte-porte-18 (p2, c1, k60, u'toto').
1765367480: New connection from 172.21.0.5:49627 on port 1883.
1765367480: New client connected from 172.21.0.5:49627 as sim-badgeuse-badgeuse-26 (p2, c1, k60, u'toto').
1765367890: Client mqttx_e887e6e2 closed its connection.
1765368064: New client connected from ::ffff:172.21.0.1:59878 as mqttx_e887e6e2 (p5, c1, k60, u'toto').
1765368124: Client mqttx_e887e6e2 closed its connection.
1765368184: New client connected from ::ffff:172.21.0.1:40802 as mqttx_e887e6e2 (p5, c1, k60, u'toto').
1765368244: Client mqttx_e887e6e2 closed its connection.
1765368304: New client connected from ::ffff:172.21.0.1:40550 as mqttx_e887e6e2 (p5, c1, k60, u'toto').
1765368364: Client mqttx_e887e6e2 closed its connection.
1765368788: mosquitto version 2.0.22 terminating
1765368788: Saving in-memory database to /mosquitto/data//mosquitto.db.
1765368788: Client mqttjs_edb20a01 closed its connection.
1765368837: mosquitto version 2.0.22 starting
1765368837: Config loaded from /mosquitto/config/mosquitto.conf.
1765368837: Warning: File /mosquitto/config/passwordfile has world readable permissions. Future versions will refuse to load this file.
To fix this, use `chmod 0700 /mosquitto/config/passwordfile`.
1765368837: Opening ipv4 listen socket on port 1883.
1765368837: Opening ipv6 listen socket on port 1883.
1765368837: Opening websockets listen socket on port 9001.
1765368837: mosquitto version 2.0.22 running
1765368841: New client connected from ::ffff:172.21.0.1:49472 as mqttjs_edb20a01 (p2, c1, k60, u'toto').
1765368843: New connection from 172.21.0.5:47467 on port 1883.
1765368843: New client connected from 172.21.0.5:47467 as bridge-doors (p2, c1, k60, u'toto').
1765368908: Client mqttjs_edb20a01 closed its connection.
1765368920: Client <unknown> closed its connection.
1765368920: New client connected from ::ffff:172.21.0.1:39804 as mqttjs_34d666f1 (p2, c1, k60, u'toto').
1765368973: New connection from 172.21.0.4:45587 on port 1883.
1765368973: New client connected from 172.21.0.4:45587 as sim-porte-porte-27 (p2, c1, k60, u'toto').
1765368977: New connection from 172.21.0.4:45579 on port 1883.
1765368977: New client connected from 172.21.0.4:45579 as sim-badgeuse-badgeuse-28 (p2, c1, k60, u'toto').
1765369011: New client connected from ::ffff:172.21.0.1:46994 as mqttx_e887e6e2 (p5, c1, k60, u'toto').
1765369312: mosquitto version 2.0.22 terminating
1765369312: Saving in-memory database to /mosquitto/data//mosquitto.db.
1765369312: Client mqttx_e887e6e2 closed its connection.
1765369312: Client mqttjs_34d666f1 closed its connection.
1765369360: mosquitto version 2.0.22 starting
1765369360: Config loaded from /mosquitto/config/mosquitto.conf.
1765369360: Warning: File /mosquitto/config/passwordfile has world readable permissions. Future versions will refuse to load this file.
To fix this, use `chmod 0700 /mosquitto/config/passwordfile`.
1765369360: Opening ipv4 listen socket on port 1883.
1765369360: Opening ipv6 listen socket on port 1883.
1765369360: Opening websockets listen socket on port 9001.
1765369360: mosquitto version 2.0.22 running
1765369364: New client connected from ::ffff:172.21.0.1:42774 as mqttx_e887e6e2 (p5, c1, k60, u'toto').
1765369366: New connection from 172.21.0.9:53207 on port 1883.
1765369366: New client connected from 172.21.0.9:53207 as bridge-doors (p2, c1, k60, u'toto').
1765369371: New client connected from ::ffff:172.21.0.1:42782 as mqttjs_34d666f1 (p2, c1, k60, u'toto').
1765369373: Client mqttjs_34d666f1 closed its connection.
1765369431: Client <unknown> closed its connection.
1765369431: New client connected from ::ffff:172.21.0.1:36366 as mqttjs_0ff81950 (p2, c1, k60, u'toto').
1765369896: Client mqttx_e887e6e2 closed its connection.
1765369901: New client connected from ::ffff:172.21.0.1:39232 as mqttx_e887e6e2 (p5, c1, k60, u'toto').
1765369981: mosquitto version 2.0.22 terminating
1765369981: Saving in-memory database to /mosquitto/data//mosquitto.db.
1765369981: Client mqttx_e887e6e2 closed its connection.
1765369981: Client mqttjs_0ff81950 closed its connection.
1765370031: mosquitto version 2.0.22 starting
1765370031: Config loaded from /mosquitto/config/mosquitto.conf.
1765370031: Warning: File /mosquitto/config/passwordfile has world readable permissions. Future versions will refuse to load this file.
To fix this, use `chmod 0700 /mosquitto/config/passwordfile`.
1765370031: Opening ipv4 listen socket on port 1883.
1765370031: Opening ipv6 listen socket on port 1883.
1765370031: Opening websockets listen socket on port 9001.
1765370031: mosquitto version 2.0.22 running
1765370034: New client connected from ::ffff:172.21.0.1:52648 as mqttjs_0ff81950 (p2, c1, k60, u'toto').
1765370039: New connection from 172.21.0.8:46657 on port 1883.
1765370039: New client connected from 172.21.0.8:46657 as bridge-doors (p2, c1, k60, u'toto').
1765370134: Client mqttjs_0ff81950 closed its connection.
1765370150: Client <unknown> closed its connection.
1765370150: New client connected from ::ffff:172.21.0.1:60180 as mqttjs_4c9395ce (p2, c1, k60, u'toto').
1765370182: New client connected from ::ffff:172.21.0.1:54186 as mqttx_e887e6e2 (p5, c1, k60, u'toto').
1765370229: New connection from 172.21.0.7:35555 on port 1883.
1765370229: New client connected from 172.21.0.7:35555 as sim-porte-porte-29 (p2, c1, k60, u'toto').
1765370234: New connection from 172.21.0.7:36239 on port 1883.
1765370234: New client connected from 172.21.0.7:36239 as sim-badgeuse-badgeuse-30 (p2, c1, k60, u'toto').
1765370236: New connection from 172.21.0.7:50597 on port 1883.
1765370236: New client connected from 172.21.0.7:50597 as sim-badgeuse-badgeuse-31 (p2, c1, k60, u'toto').
1765370241: Client sim-badgeuse-badgeuse-31 disconnected.
1765370566: mosquitto version 2.0.22 terminating
1765370566: Saving in-memory database to /mosquitto/data//mosquitto.db.
1765370566: Client mqttx_e887e6e2 closed its connection.
1765370566: Client mqttjs_4c9395ce closed its connection.
1765370764: mosquitto version 2.0.22 starting
1765370764: Config loaded from /mosquitto/config/mosquitto.conf.
1765370764: Warning: File /mosquitto/config/passwordfile has world readable permissions. Future versions will refuse to load this file.
To fix this, use `chmod 0700 /mosquitto/config/passwordfile`.
1765370764: Opening ipv4 listen socket on port 1883.
1765370764: Opening ipv6 listen socket on port 1883.
1765370764: Opening websockets listen socket on port 9001.
1765370764: mosquitto version 2.0.22 running
1765370765: New client connected from ::ffff:172.21.0.1:35464 as mqttjs_4c9395ce (p2, c1, k60, u'toto').
1765370771: New connection from 172.21.0.8:45519 on port 1883.
1765370771: New client connected from 172.21.0.8:45519 as bridge-doors (p2, c1, k60, u'toto').
1765370796: New client connected from ::ffff:172.21.0.1:49538 as mqttx_e887e6e2 (p5, c1, k60, u'toto').
1765370802: Client mqttjs_4c9395ce closed its connection.
1765370846: Client <unknown> closed its connection.
1765370846: New client connected from ::ffff:172.21.0.1:42868 as mqttjs_92d2179d (p2, c1, k60, u'toto').
1765370977: New connection from 172.21.0.9:52321 on port 1883.
1765370977: New client connected from 172.21.0.9:52321 as sim-porte-porte-29 (p2, c1, k60, u'toto').
1765370983: New connection from 172.21.0.9:35321 on port 1883.
1765370983: New client connected from 172.21.0.9:35321 as sim-badgeuse-badgeuse-33 (p2, c1, k60, u'toto').
1765371274: Client mqttx_e887e6e2 closed its connection.
1765371332: New client connected from ::ffff:172.21.0.1:46960 as mqttx_e887e6e2 (p5, c1, k60, u'toto').
1765371359: mosquitto version 2.0.22 terminating
1765371359: Saving in-memory database to /mosquitto/data//mosquitto.db.
1765371359: Client mqttx_e887e6e2 closed its connection.
1765371359: Client mqttjs_92d2179d closed its connection.
1765371422: mosquitto version 2.0.22 starting
1765371422: Config loaded from /mosquitto/config/mosquitto.conf.
1765371422: Warning: File /mosquitto/config/passwordfile has world readable permissions. Future versions will refuse to load this file.
To fix this, use `chmod 0700 /mosquitto/config/passwordfile`.
1765371422: Opening ipv4 listen socket on port 1883.
1765371422: Opening ipv6 listen socket on port 1883.
1765371422: Opening websockets listen socket on port 9001.
1765371422: mosquitto version 2.0.22 running
1765371425: New client connected from ::ffff:172.21.0.1:37246 as mqttjs_92d2179d (p2, c1, k60, u'toto').
1765371427: New connection from 172.21.0.7:56189 on port 1883.
1765371427: New client connected from 172.21.0.7:56189 as bridge-doors (p2, c1, k60, u'toto').
1765371438: Client mqttjs_92d2179d closed its connection.
1765371507: New client connected from ::ffff:172.21.0.1:55980 as mqttx_e887e6e2 (p5, c1, k60, u'toto').
1765371523: Client <unknown> closed its connection.
1765371523: New client connected from ::ffff:172.21.0.1:56294 as mqttjs_9d06e2ab (p2, c1, k60, u'toto').
1765371627: New connection from 172.21.0.5:47403 on port 1883.
1765371627: New client connected from 172.21.0.5:47403 as sim-porte-porte-34 (p2, c1, k60, u'toto').
1765371630: New connection from 172.21.0.5:57795 on port 1883.
1765371630: New client connected from 172.21.0.5:57795 as sim-badgeuse-badgeuse-35 (p2, c1, k60, u'toto').
1765372115: Client mqttx_e887e6e2 closed its connection.
1765372264: New client connected from ::ffff:172.21.0.1:54976 as mqttx_e887e6e2 (p5, c1, k60, u'toto').
1765372324: Client mqttx_e887e6e2 closed its connection.
1765372347: mosquitto version 2.0.22 terminating
1765372347: Saving in-memory database to /mosquitto/data//mosquitto.db.
1765372347: Client <unknown> closed its connection.
1765372347: Client mqttjs_9d06e2ab closed its connection.
1765372402: mosquitto version 2.0.22 starting
1765372402: Config loaded from /mosquitto/config/mosquitto.conf.
1765372402: Warning: File /mosquitto/config/passwordfile has world readable permissions. Future versions will refuse to load this file.
To fix this, use `chmod 0700 /mosquitto/config/passwordfile`.
1765372402: Opening ipv4 listen socket on port 1883.
1765372402: Opening ipv6 listen socket on port 1883.
1765372402: Opening websockets listen socket on port 9001.
1765372402: mosquitto version 2.0.22 running
1765372403: New client connected from ::ffff:172.21.0.1:49092 as mqttjs_9d06e2ab (p2, c1, k60, u'toto').
1765372409: New connection from 172.21.0.7:52847 on port 1883.
1765372409: New client connected from 172.21.0.7:52847 as bridge-doors (p2, c1, k60, u'toto').
1765372504: New client connected from ::ffff:172.21.0.1:39770 as mqttx_e887e6e2 (p5, c1, k60, u'toto').
1765372564: Client mqttx_e887e6e2 closed its connection.
1765372624: New client connected from ::ffff:172.21.0.1:53252 as mqttx_e887e6e2 (p5, c1, k60, u'toto').
1765372684: Client mqttx_e887e6e2 closed its connection.
1765372699: Client mqttjs_9d06e2ab closed its connection.
1765372723: New client connected from ::ffff:172.21.0.1:54012 as mqttx_e887e6e2 (p5, c1, k60, u'toto').
1765372723: Client mqttx_e887e6e2 closed its connection.
1765372727: New client connected from ::ffff:172.21.0.1:49384 as mqttx_e887e6e2 (p5, c1, k60, u'toto').
1765372744: Client <unknown> closed its connection.
1765372744: New client connected from ::ffff:172.21.0.1:51854 as mqttjs_b88f55ac (p2, c1, k60, u'toto').
1765372773: New connection from 172.21.0.5:51305 on port 1883.
1765372773: New client connected from 172.21.0.5:51305 as sim-porte-porte-36 (p2, c1, k60, u'toto').
1765372775: New connection from 172.21.0.5:39107 on port 1883.
1765372775: New client connected from 172.21.0.5:39107 as sim-badgeuse-badgeuse-37 (p2, c1, k60, u'toto').
1765373135: Client mqttx_e887e6e2 closed its connection.
1765373284: New client connected from ::ffff:172.21.0.1:53294 as mqttx_e887e6e2 (p5, c1, k60, u'toto').
1765373344: Client mqttx_e887e6e2 closed its connection.
1765373404: New client connected from ::ffff:172.21.0.1:45858 as mqttx_e887e6e2 (p5, c1, k60, u'toto').
1765373464: Client mqttx_e887e6e2 closed its connection.
1765373524: New client connected from ::ffff:172.21.0.1:43940 as mqttx_e887e6e2 (p5, c1, k60, u'toto').
1765373584: Client mqttx_e887e6e2 closed its connection.
1765373644: New client connected from ::ffff:172.21.0.1:50950 as mqttx_e887e6e2 (p5, c1, k60, u'toto').
1765373704: Client mqttx_e887e6e2 closed its connection.
1765373738: New client connected from ::ffff:172.21.0.1:47174 as mqttx_e887e6e2 (p5, c1, k60, u'toto').
1765373738: Client mqttx_e887e6e2 closed its connection.
1765373742: New client connected from ::ffff:172.21.0.1:55538 as mqttx_e887e6e2 (p5, c1, k60, u'toto').
1765373833: Client mqttx_e887e6e2 closed its connection.
1765373839: Client mqttjs_b88f55ac closed its connection.
1765374203: Saving in-memory database to /mosquitto/data//mosquitto.db.
1765374287: mosquitto version 2.0.22 terminating
1765374287: Saving in-memory database to /mosquitto/data//mosquitto.db.
1765374389: mosquitto version 2.0.22 starting
1765374389: Config loaded from /mosquitto/config/mosquitto.conf.
1765374389: Warning: File /mosquitto/config/passwordfile has world readable permissions. Future versions will refuse to load this file.
To fix this, use `chmod 0700 /mosquitto/config/passwordfile`.
1765374389: Opening ipv4 listen socket on port 1883.
1765374389: Opening ipv6 listen socket on port 1883.
1765374389: Opening websockets listen socket on port 9001.
1765374389: mosquitto version 2.0.22 running
1765374396: New connection from 172.21.0.5:39333 on port 1883.
1765374396: New client connected from 172.21.0.5:39333 as bridge-doors (p2, c1, k60, u'toto').
1765374401: New connection from 172.21.0.3:50683 on port 1883.
1765374401: New client connected from 172.21.0.3:50683 as sim-porte-porte-118 (p2, c1, k60, u'toto').
1765374440: New client connected from ::ffff:172.21.0.1:46040 as mqttjs_b88f55ac (p2, c1, k60, u'toto').
1765374465: Client mqttjs_b88f55ac closed its connection.
1765374480: Client <unknown> closed its connection.
1765374480: New client connected from ::ffff:172.21.0.1:47256 as mqttjs_b32c1656 (p2, c1, k60, u'toto').
1765374556: New connection from 172.21.0.3:35969 on port 1883.
1765374556: New client connected from 172.21.0.3:35969 as sim-porte-porte-38 (p2, c1, k60, u'toto').
1765374558: New connection from 172.21.0.3:36781 on port 1883.
1765374558: New client connected from 172.21.0.3:36781 as sim-badgeuse-badgeuse-39 (p2, c1, k60, u'toto').
1765374641: New connection from 172.21.0.3:38789 on port 1883.
1765374641: New client connected from 172.21.0.3:38789 as sim-porte-porte-40 (p2, c1, k60, u'toto').
1765374644: New connection from 172.21.0.3:60145 on port 1883.
1765374644: New client connected from 172.21.0.3:60145 as sim-badgeuse-badgeuse-41 (p2, c1, k60, u'toto').
1765374666: New connection from 172.21.0.3:38135 on port 1883.
1765374666: New client connected from 172.21.0.3:38135 as sim-badgeuse-badgeuse-42 (p2, c1, k60, u'toto').
1765374673: New connection from 172.21.0.3:50899 on port 1883.
1765374673: New client connected from 172.21.0.3:50899 as sim-badgeuse-badgeuse-43 (p2, c1, k60, u'toto').
1765374676: New connection from 172.21.0.3:38407 on port 1883.
1765374676: New client connected from 172.21.0.3:38407 as sim-badgeuse-badgeuse-44 (p2, c1, k60, u'toto').
1765374703: Client sim-badgeuse-badgeuse-42 disconnected.
1765374707: Client sim-badgeuse-badgeuse-39 disconnected.
1765374711: Client sim-porte-porte-38 disconnected.
1765374716: Client sim-badgeuse-badgeuse-43 disconnected.
1765374729: Client sim-badgeuse-badgeuse-41 disconnected.
1765374733: Client sim-badgeuse-badgeuse-44 disconnected.
1765374737: Client sim-porte-porte-40 disconnected.
1765374743: New connection from 172.21.0.3:43285 on port 1883.
1765374743: New client connected from 172.21.0.3:43285 as sim-porte-porte-36 (p2, c1, k60, u'toto').
1765374746: New connection from 172.21.0.3:47967 on port 1883.
1765374746: New client connected from 172.21.0.3:47967 as sim-badgeuse-badgeuse-46 (p2, c1, k60, u'toto').
1765374756: New connection from 172.21.0.3:48377 on port 1883.
1765374756: New client connected from 172.21.0.3:48377 as sim-badgeuse-badgeuse-47 (p2, c1, k60, u'toto').
1765374784: New connection from 172.21.0.3:47491 on port 1883.
1765374784: New client connected from 172.21.0.3:47491 as sim-porte-porte-48 (p2, c1, k60, u'toto').
1765374794: New connection from 172.21.0.3:59151 on port 1883.
1765374794: New client connected from 172.21.0.3:59151 as sim-badgeuse-badgeuse-49 (p2, c1, k60, u'toto').
1765374881: mosquitto version 2.0.22 terminating
1765374881: Saving in-memory database to /mosquitto/data//mosquitto.db.
1765374881: Client mqttjs_b32c1656 closed its connection.
1765374961: mosquitto version 2.0.22 starting
1765374961: Config loaded from /mosquitto/config/mosquitto.conf.
1765374961: Warning: File /mosquitto/config/passwordfile has world readable permissions. Future versions will refuse to load this file.
To fix this, use `chmod 0700 /mosquitto/config/passwordfile`.
1765374961: Opening ipv4 listen socket on port 1883.
1765374961: Opening ipv6 listen socket on port 1883.
1765374961: Opening websockets listen socket on port 9001.
1765374961: mosquitto version 2.0.22 running
1765374967: New connection from 172.21.0.4:37973 on port 1883.
1765374967: New client connected from 172.21.0.4:37973 as bridge-doors (p2, c1, k60, u'toto').
1765374968: New client connected from ::ffff:172.21.0.1:51282 as mqttjs_b32c1656 (p2, c1, k60, u'toto').
1765374970: New connection from 172.21.0.6:57937 on port 1883.
1765374970: New client connected from 172.21.0.6:57937 as sim-porte-porte-118 (p2, c1, k60, u'toto').
1765375024: Client mqttjs_b32c1656 closed its connection.
1765375047: Client <unknown> closed its connection.
1765375047: New client connected from ::ffff:172.21.0.1:54520 as mqttjs_8b06591b (p2, c1, k60, u'toto').
1765375412: New connection from 172.21.0.6:54431 on port 1883.
1765375412: New client connected from 172.21.0.6:54431 as sim-porte-porte-36 (p2, c1, k60, u'toto').
1765375414: New connection from 172.21.0.6:60267 on port 1883.
1765375414: New client connected from 172.21.0.6:60267 as sim-badgeuse-badgeuse-51 (p2, c1, k60, u'toto').
1765375437: New connection from 172.21.0.6:52271 on port 1883.
1765375437: New client connected from 172.21.0.6:52271 as sim-porte-porte-52 (p2, c1, k60, u'toto').
1765375440: New connection from 172.21.0.6:42915 on port 1883.
1765375440: New client connected from 172.21.0.6:42915 as sim-badgeuse-badgeuse-53 (p2, c1, k60, u'toto').
1765375965: mosquitto version 2.0.22 terminating
1765375965: Saving in-memory database to /mosquitto/data//mosquitto.db.
1765375965: Client mqttjs_8b06591b closed its connection.
1765376219: mosquitto version 2.0.22 starting
1765376219: Config loaded from /mosquitto/config/mosquitto.conf.
1765376219: Warning: File /mosquitto/config/passwordfile has world readable permissions. Future versions will refuse to load this file.
To fix this, use `chmod 0700 /mosquitto/config/passwordfile`.
1765376219: Opening ipv4 listen socket on port 1883.
1765376219: Opening ipv6 listen socket on port 1883.
1765376219: Opening websockets listen socket on port 9001.
1765376219: mosquitto version 2.0.22 running
1765376221: New client connected from ::ffff:172.21.0.1:41308 as mqttjs_8b06591b (p2, c1, k60, u'toto').
1765376224: New connection from 172.21.0.3:52899 on port 1883.
1765376224: New client connected from 172.21.0.3:52899 as bridge-doors (p2, c1, k60, u'toto').
1765376230: New connection from 172.21.0.5:45929 on port 1883.
1765376230: New client connected from 172.21.0.5:45929 as sim-porte-porte-118 (p2, c1, k60, u'toto').
1765376276: Client mqttjs_8b06591b closed its connection.
1765376299: New client connected from ::ffff:172.21.0.1:43478 as mqttjs_9a0be875 (p2, c1, k60, u'toto').
1765376299: Client <unknown> closed its connection.
1765376304: Client mqttjs_9a0be875 closed its connection.
1765376304: Client <unknown> closed its connection.
1765376304: New client connected from ::ffff:172.21.0.1:46864 as mqttjs_36813c8f (p2, c1, k60, u'toto').
1765376336: New connection from 172.21.0.5:58771 on port 1883.
1765376336: New client connected from 172.21.0.5:58771 as sim-porte-porte-36 (p2, c1, k60, u'toto').
1765376338: New connection from 172.21.0.5:39873 on port 1883.
1765376338: New client connected from 172.21.0.5:39873 as sim-badgeuse-badgeuse-55 (p2, c1, k60, u'toto').
1765376345: New connection from 172.21.0.5:37749 on port 1883.
1765376345: New client connected from 172.21.0.5:37749 as sim-porte-porte-56 (p2, c1, k60, u'toto').
1765376347: New connection from 172.21.0.5:57553 on port 1883.
1765376347: New client connected from 172.21.0.5:57553 as sim-badgeuse-badgeuse-57 (p2, c1, k60, u'toto').
1765376650: New client connected from ::ffff:172.21.0.1:53482 as mqttx_e887e6e2 (p5, c1, k60, u'toto').
1765376862: Client mqttx_e887e6e2 closed its connection.
1765376867: New client connected from ::ffff:172.21.0.1:32958 as mqttx_e887e6e2 (p5, c1, k60, u'toto').
1765377046: mosquitto version 2.0.22 terminating
1765377046: Saving in-memory database to /mosquitto/data//mosquitto.db.
1765377046: Client mqttx_e887e6e2 closed its connection.
1765377046: Client mqttjs_36813c8f closed its connection.
1765377102: mosquitto version 2.0.22 starting
1765377102: Config loaded from /mosquitto/config/mosquitto.conf.
1765377102: Warning: File /mosquitto/config/passwordfile has world readable permissions. Future versions will refuse to load this file.
To fix this, use `chmod 0700 /mosquitto/config/passwordfile`.
1765377102: Opening ipv4 listen socket on port 1883.
1765377102: Opening ipv6 listen socket on port 1883.
1765377102: Opening websockets listen socket on port 9001.
1765377102: mosquitto version 2.0.22 running
1765377104: New client connected from ::ffff:172.21.0.1:53582 as mqttx_e887e6e2 (p5, c1, k60, u'toto').
1765377106: New client connected from ::ffff:172.21.0.1:53584 as mqttjs_36813c8f (p2, c1, k60, u'toto').
1765377109: New connection from 172.21.0.9:35381 on port 1883.
1765377109: New client connected from 172.21.0.9:35381 as bridge-doors (p2, c1, k60, u'toto').
1765377112: New connection from 172.21.0.5:55973 on port 1883.
1765377112: New client connected from 172.21.0.5:55973 as sim-porte-porte-118 (p2, c1, k60, u'toto').
1765377189: Client mqttjs_36813c8f closed its connection.
1765377203: Client <unknown> closed its connection.
1765377203: New client connected from ::ffff:172.21.0.1:40224 as mqttjs_23f22d0c (p2, c1, k60, u'toto').
1765377230: New connection from 172.21.0.5:47301 on port 1883.
1765377230: New client connected from 172.21.0.5:47301 as sim-porte-porte-36 (p2, c1, k60, u'toto').
1765377232: New connection from 172.21.0.5:47043 on port 1883.
1765377232: New client connected from 172.21.0.5:47043 as sim-badgeuse-badgeuse-59 (p2, c1, k60, u'toto').
1765377243: New connection from 172.21.0.5:34305 on port 1883.
1765377243: New client connected from 172.21.0.5:34305 as sim-porte-porte-60 (p2, c1, k60, u'toto').
1765377245: New connection from 172.21.0.5:59045 on port 1883.
1765377245: New client connected from 172.21.0.5:59045 as sim-badgeuse-badgeuse-61 (p2, c1, k60, u'toto').
1765377331: mosquitto version 2.0.22 terminating
1765377331: Saving in-memory database to /mosquitto/data//mosquitto.db.
1765377331: Client mqttjs_23f22d0c closed its connection.
1765377331: Client mqttx_e887e6e2 closed its connection.
1765377387: mosquitto version 2.0.22 starting
1765377387: Config loaded from /mosquitto/config/mosquitto.conf.
1765377387: Warning: File /mosquitto/config/passwordfile has world readable permissions. Future versions will refuse to load this file.
To fix this, use `chmod 0700 /mosquitto/config/passwordfile`.
1765377387: Opening ipv4 listen socket on port 1883.
1765377387: Opening ipv6 listen socket on port 1883.
1765377387: Opening websockets listen socket on port 9001.
1765377387: mosquitto version 2.0.22 running
1765377390: New client connected from ::ffff:172.21.0.1:57600 as mqttjs_23f22d0c (p2, c1, k60, u'toto').
1765377393: New connection from 172.21.0.7:46359 on port 1883.
1765377393: New client connected from 172.21.0.7:46359 as bridge-doors (p2, c1, k60, u'toto').
1765377397: New connection from 172.21.0.9:49389 on port 1883.
1765377397: New client connected from 172.21.0.9:49389 as sim-porte-porte-118 (p2, c1, k60, u'toto').
1765377456: Client mqttjs_23f22d0c closed its connection.
1765377471: Client <unknown> closed its connection.
1765377471: New client connected from ::ffff:172.21.0.1:49752 as mqttjs_e67fa2ef (p2, c1, k60, u'toto').
1765377524: New client connected from ::ffff:172.21.0.1:41252 as mqttx_e887e6e2 (p5, c1, k60, u'toto').
1765377676: Client mqttx_e887e6e2 closed its connection.
1765377778: New client connected from ::ffff:172.21.0.1:57700 as mqttx_e887e6e2 (p5, c1, k60, u'toto').
1765378174: Client mqttx_e887e6e2 closed its connection.
1765378261: mosquitto version 2.0.22 terminating
1765378261: Saving in-memory database to /mosquitto/data//mosquitto.db.
1765378261: Client mqttjs_e67fa2ef closed its connection.
1765378338: mosquitto version 2.0.22 starting
1765378338: Config loaded from /mosquitto/config/mosquitto.conf.
1765378338: Warning: File /mosquitto/config/passwordfile has world readable permissions. Future versions will refuse to load this file.
To fix this, use `chmod 0700 /mosquitto/config/passwordfile`.
1765378338: Opening ipv4 listen socket on port 1883.
1765378338: Opening ipv6 listen socket on port 1883.
1765378338: Opening websockets listen socket on port 9001.
1765378338: mosquitto version 2.0.22 running
1765378345: New connection from 172.21.0.6:39849 on port 1883.
1765378345: New client connected from 172.21.0.6:39849 as bridge-doors (p2, c1, k60, u'toto').
1765378346: New client connected from ::ffff:172.21.0.1:59732 as mqttjs_e67fa2ef (p2, c1, k60, u'toto').
1765378350: New connection from 172.21.0.8:35147 on port 1883.
1765378350: New client connected from 172.21.0.8:35147 as sim-porte-porte-118 (p2, c1, k60, u'toto').
1765378407: New client connected from ::ffff:172.21.0.1:36712 as mqttx_e887e6e2 (p5, c1, k60, u'toto').
1765378407: Client mqttx_e887e6e2 closed its connection.
1765378411: New client connected from ::ffff:172.21.0.1:46288 as mqttx_e887e6e2 (p5, c1, k60, u'toto').
1765378416: Client mqttjs_e67fa2ef closed its connection.
1765378430: Client <unknown> closed its connection.
1765378430: New client connected from ::ffff:172.21.0.1:33068 as mqttjs_11582844 (p2, c1, k60, u'toto').
1765378744: mosquitto version 2.0.22 terminating
1765378744: Saving in-memory database to /mosquitto/data//mosquitto.db.
1765378744: Client mqttjs_11582844 closed its connection.
1765378744: Client mqttx_e887e6e2 closed its connection.
1765378826: mosquitto version 2.0.22 starting
1765378826: Config loaded from /mosquitto/config/mosquitto.conf.
1765378826: Warning: File /mosquitto/config/passwordfile has world readable permissions. Future versions will refuse to load this file.
To fix this, use `chmod 0700 /mosquitto/config/passwordfile`.
1765378826: Opening ipv4 listen socket on port 1883.
1765378826: Opening ipv6 listen socket on port 1883.
1765378826: Opening websockets listen socket on port 9001.
1765378826: mosquitto version 2.0.22 running
1765378833: New client connected from ::ffff:172.21.0.1:36210 as mqttjs_11582844 (p2, c1, k60, u'toto').
1765378833: New connection from 172.21.0.7:57547 on port 1883.
1765378833: New client connected from 172.21.0.7:57547 as bridge-doors (p2, c1, k60, u'toto').
1765378837: New connection from 172.21.0.3:44129 on port 1883.
1765378837: New client connected from 172.21.0.3:44129 as sim-porte-porte-118 (p2, c1, k60, u'toto').
1765379592: mosquitto version 2.0.22 terminating
1765379592: Saving in-memory database to /mosquitto/data//mosquitto.db.
1765379592: Client mqttjs_11582844 closed its connection.
1765379643: mosquitto version 2.0.22 starting
1765379643: Config loaded from /mosquitto/config/mosquitto.conf.
1765379643: Warning: File /mosquitto/config/passwordfile has world readable permissions. Future versions will refuse to load this file.
To fix this, use `chmod 0700 /mosquitto/config/passwordfile`.
1765379643: Opening ipv4 listen socket on port 1883.
1765379643: Opening ipv6 listen socket on port 1883.
1765379643: Opening websockets listen socket on port 9001.
1765379643: mosquitto version 2.0.22 running
1765379646: New client connected from ::ffff:172.21.0.1:40728 as mqttjs_11582844 (p2, c1, k60, u'toto').
1765379650: New connection from 172.21.0.4:59547 on port 1883.
1765379650: New client connected from 172.21.0.4:59547 as bridge-doors (p2, c1, k60, u'toto').
1765379664: New connection from 172.21.0.10:57399 on port 1883.
1765379664: New client connected from 172.21.0.10:57399 as sim-porte-porte-118 (p2, c1, k60, u'toto').
1765379833: mosquitto version 2.0.22 terminating
1765379833: Saving in-memory database to /mosquitto/data//mosquitto.db.
1765379833: Client mqttjs_11582844 closed its connection.
1765379879: mosquitto version 2.0.22 starting
1765379879: Config loaded from /mosquitto/config/mosquitto.conf.
1765379879: Warning: File /mosquitto/config/passwordfile has world readable permissions. Future versions will refuse to load this file.
To fix this, use `chmod 0700 /mosquitto/config/passwordfile`.
1765379879: Opening ipv4 listen socket on port 1883.
1765379879: Opening ipv6 listen socket on port 1883.
1765379879: Opening websockets listen socket on port 9001.
1765379879: mosquitto version 2.0.22 running
1765379881: New client connected from ::ffff:172.21.0.1:42570 as mqttjs_11582844 (p2, c1, k60, u'toto').
1765379886: New connection from 172.21.0.8:41393 on port 1883.
1765379886: New client connected from 172.21.0.8:41393 as bridge-doors (p2, c1, k60, u'toto').
1765379896: New connection from 172.21.0.3:58277 on port 1883.
1765379896: New client connected from 172.21.0.3:58277 as sim-porte-porte-118 (p2, c1, k60, u'toto').
1765379990: Client mqttjs_11582844 closed its connection.
1765380021: Client <unknown> closed its connection.
1765380021: New client connected from ::ffff:172.21.0.1:46206 as mqttjs_1af2afe7 (p2, c1, k60, u'toto').
1765380111: mosquitto version 2.0.22 terminating
1765380111: Saving in-memory database to /mosquitto/data//mosquitto.db.
1765380111: Client mqttjs_1af2afe7 closed its connection.
1765380189: mosquitto version 2.0.22 starting
1765380189: Config loaded from /mosquitto/config/mosquitto.conf.
1765380189: Warning: File /mosquitto/config/passwordfile has world readable permissions. Future versions will refuse to load this file.
To fix this, use `chmod 0700 /mosquitto/config/passwordfile`.
1765380189: Opening ipv4 listen socket on port 1883.
1765380189: Opening ipv6 listen socket on port 1883.
1765380189: Opening websockets listen socket on port 9001.
1765380189: mosquitto version 2.0.22 running
1765380192: New client connected from ::ffff:172.21.0.1:36342 as mqttjs_1af2afe7 (p2, c1, k60, u'toto').
1765380194: New connection from 172.21.0.9:43437 on port 1883.
1765380194: New client connected from 172.21.0.9:43437 as bridge-doors (p2, c1, k60, u'toto').
1765380259: New connection from 172.21.0.8:53005 on port 1883.
1765380259: New client connected from 172.21.0.8:53005 as sim-porte-porte-118 (p2, c1, k60, u'toto').
1765380259: New connection from 172.21.0.8:48973 on port 1883.
1765380259: New connection from 172.21.0.8:45863 on port 1883.
1765380259: New client connected from 172.21.0.8:45863 as sim-porte-porte-5 (p2, c1, k60, u'toto').
1765380259: New connection from 172.21.0.8:59481 on port 1883.
1765380259: New client connected from 172.21.0.8:48973 as sim-porte-porte-6 (p2, c1, k60, u'toto').
1765380259: New client connected from 172.21.0.8:59481 as sim-badgeuse-badgeuse-12 (p2, c1, k60, u'toto').
1765380259: New connection from 172.21.0.8:52679 on port 1883.
1765380259: New client connected from 172.21.0.8:52679 as sim-badgeuse-badgeuse-13 (p2, c1, k60, u'toto').
1765380259: New connection from 172.21.0.8:53397 on port 1883.
1765380259: New connection from 172.21.0.8:47169 on port 1883.
1765380259: New connection from 172.21.0.8:49123 on port 1883.
1765380259: New client connected from 172.21.0.8:53397 as sim-porte-porte-14 (p2, c1, k60, u'toto').
1765380259: New client connected from 172.21.0.8:47169 as sim-badgeuse-badgeuse-15 (p2, c1, k60, u'toto').
1765380259: New client connected from 172.21.0.8:49123 as sim-porte-porte-16 (p2, c1, k60, u'toto').
1765380259: New connection from 172.21.0.8:46905 on port 1883.
1765380259: New client connected from 172.21.0.8:46905 as sim-badgeuse-badgeuse-17 (p2, c1, k60, u'toto').
1765380259: New connection from 172.21.0.8:59299 on port 1883.
1765380259: New client connected from 172.21.0.8:59299 as sim-porte-porte-18 (p2, c1, k60, u'toto').
1765380259: New connection from 172.21.0.8:52939 on port 1883.
1765380259: New client connected from 172.21.0.8:52939 as sim-badgeuse-badgeuse-26 (p2, c1, k60, u'toto').
1765380259: New connection from 172.21.0.8:39543 on port 1883.
1765380259: New client connected from 172.21.0.8:39543 as sim-porte-porte-27 (p2, c1, k60, u'toto').
1765380259: New connection from 172.21.0.8:40349 on port 1883.
1765380259: New connection from 172.21.0.8:43277 on port 1883.
1765380259: New connection from 172.21.0.8:44003 on port 1883.
1765380259: New client connected from 172.21.0.8:40349 as sim-porte-porte-29 (p2, c1, k60, u'toto').
1765380259: New client connected from 172.21.0.8:43277 as sim-badgeuse-badgeuse-28 (p2, c1, k60, u'toto').
1765380259: New client connected from 172.21.0.8:44003 as sim-badgeuse-badgeuse-33 (p2, c1, k60, u'toto').
1765380259: New connection from 172.21.0.8:48359 on port 1883.
1765380259: New client connected from 172.21.0.8:48359 as sim-porte-porte-34 (p2, c1, k60, u'toto').
1765380259: New connection from 172.21.0.8:34783 on port 1883.
1765380259: New client connected from 172.21.0.8:34783 as sim-badgeuse-badgeuse-35 (p2, c1, k60, u'toto').
1765380260: New connection from 172.21.0.8:53335 on port 1883.
1765380260: New connection from 172.21.0.8:46395 on port 1883.
1765380260: New connection from 172.21.0.8:51807 on port 1883.
1765380260: New connection from 172.21.0.8:60269 on port 1883.
1765380260: New client connected from 172.21.0.8:53335 as sim-badgeuse-badgeuse-61 (p2, c1, k60, u'toto').
1765380260: New client connected from 172.21.0.8:46395 as sim-porte-porte-60 (p2, c1, k60, u'toto').
1765380260: New client connected from 172.21.0.8:51807 as sim-badgeuse-badgeuse-59 (p2, c1, k60, u'toto').
1765380260: New client connected from 172.21.0.8:60269 as sim-porte-porte-36 (p2, c1, k60, u'toto').
1765380312: Client mqttjs_1af2afe7 closed its connection.
1765380382: Client <unknown> closed its connection.
1765380383: New client connected from ::ffff:172.21.0.1:57942 as mqttjs_70a04944 (p2, c1, k60, u'toto').
1765380462: mosquitto version 2.0.22 terminating
1765380462: Saving in-memory database to /mosquitto/data//mosquitto.db.
1765380462: Client mqttjs_70a04944 closed its connection.
1765380515: mosquitto version 2.0.22 starting
1765380515: Config loaded from /mosquitto/config/mosquitto.conf.
1765380515: Warning: File /mosquitto/config/passwordfile has world readable permissions. Future versions will refuse to load this file.
To fix this, use `chmod 0700 /mosquitto/config/passwordfile`.
1765380515: Opening ipv4 listen socket on port 1883.
1765380515: Opening ipv6 listen socket on port 1883.
1765380515: Opening websockets listen socket on port 9001.
1765380515: mosquitto version 2.0.22 running
1765380522: New connection from 172.21.0.3:48521 on port 1883.
1765380522: New client connected from 172.21.0.3:48521 as bridge-doors (p2, c1, k60, u'toto').
1765380523: New client connected from ::ffff:172.21.0.1:39450 as mqttjs_70a04944 (p2, c1, k60, u'toto').
1765380541: Client mqttjs_70a04944 closed its connection.
1765380616: Client <unknown> closed its connection.
1765380616: New client connected from ::ffff:172.21.0.1:44842 as mqttjs_6295652c (p2, c1, k60, u'toto').
1765380647: New connection from 172.21.0.10:50847 on port 1883.
1765380647: New client connected from 172.21.0.10:50847 as sim-porte-porte-118 (p2, c1, k60, u'toto').
1765380647: New connection from 172.21.0.10:56179 on port 1883.
1765380647: New connection from 172.21.0.10:42633 on port 1883.
1765380647: New connection from 172.21.0.10:56127 on port 1883.
1765380647: New connection from 172.21.0.10:54703 on port 1883.
1765380647: New connection from 172.21.0.10:50733 on port 1883.
1765380647: New connection from 172.21.0.10:48109 on port 1883.
1765380647: New connection from 172.21.0.10:47251 on port 1883.
1765380647: New connection from 172.21.0.10:51115 on port 1883.
1765380647: New connection from 172.21.0.10:34223 on port 1883.
1765380647: New connection from 172.21.0.10:42623 on port 1883.
1765380647: New connection from 172.21.0.10:59401 on port 1883.
1765380647: New connection from 172.21.0.10:36869 on port 1883.
1765380647: New connection from 172.21.0.10:38651 on port 1883.
1765380647: New connection from 172.21.0.10:34925 on port 1883.
1765380647: New connection from 172.21.0.10:50101 on port 1883.
1765380647: New connection from 172.21.0.10:60611 on port 1883.
1765380647: New connection from 172.21.0.10:46609 on port 1883.
1765380647: New connection from 172.21.0.10:45119 on port 1883.
1765380647: New connection from 172.21.0.10:51729 on port 1883.
1765380647: New connection from 172.21.0.10:39741 on port 1883.
1765380647: New client connected from 172.21.0.10:56179 as sim-porte-porte-6 (p2, c1, k60, u'toto').
1765380647: New client connected from 172.21.0.10:42633 as sim-badgeuse-badgeuse-12 (p2, c1, k60, u'toto').
1765380647: New client connected from 172.21.0.10:56127 as sim-badgeuse-badgeuse-13 (p2, c1, k60, u'toto').
1765380647: New client connected from 172.21.0.10:54703 as sim-porte-porte-5 (p2, c1, k60, u'toto').
1765380647: New client connected from 172.21.0.10:50733 as sim-porte-porte-14 (p2, c1, k60, u'toto').
1765380647: New client connected from 172.21.0.10:48109 as sim-badgeuse-badgeuse-15 (p2, c1, k60, u'toto').
1765380647: New client connected from 172.21.0.10:47251 as sim-badgeuse-badgeuse-17 (p2, c1, k60, u'toto').
1765380647: New client connected from 172.21.0.10:51115 as sim-porte-porte-18 (p2, c1, k60, u'toto').
1765380647: New client connected from 172.21.0.10:34223 as sim-porte-porte-16 (p2, c1, k60, u'toto').
1765380647: New client connected from 172.21.0.10:42623 as sim-badgeuse-badgeuse-26 (p2, c1, k60, u'toto').
1765380647: New client connected from 172.21.0.10:59401 as sim-porte-porte-27 (p2, c1, k60, u'toto').
1765380647: New client connected from 172.21.0.10:36869 as sim-badgeuse-badgeuse-28 (p2, c1, k60, u'toto').
1765380647: New client connected from 172.21.0.10:38651 as sim-porte-porte-29 (p2, c1, k60, u'toto').
1765380647: New client connected from 172.21.0.10:34925 as sim-badgeuse-badgeuse-33 (p2, c1, k60, u'toto').
1765380647: New client connected from 172.21.0.10:50101 as sim-porte-porte-34 (p2, c1, k60, u'toto').
1765380647: New client connected from 172.21.0.10:60611 as sim-badgeuse-badgeuse-35 (p2, c1, k60, u'toto').
1765380647: New client connected from 172.21.0.10:46609 as sim-badgeuse-badgeuse-59 (p2, c1, k60, u'toto').
1765380647: New client connected from 172.21.0.10:45119 as sim-porte-porte-60 (p2, c1, k60, u'toto').
1765380647: New client connected from 172.21.0.10:51729 as sim-porte-porte-36 (p2, c1, k60, u'toto').
1765380647: New client connected from 172.21.0.10:39741 as sim-badgeuse-badgeuse-61 (p2, c1, k60, u'toto').
1765381471: mosquitto version 2.0.22 terminating
1765381471: Saving in-memory database to /mosquitto/data//mosquitto.db.
1765381471: Client mqttjs_6295652c closed its connection.
1765381620: mosquitto version 2.0.22 starting
1765381620: Config loaded from /mosquitto/config/mosquitto.conf.
1765381620: Warning: File /mosquitto/config/passwordfile has world readable permissions. Future versions will refuse to load this file.
To fix this, use `chmod 0700 /mosquitto/config/passwordfile`.
1765381620: Opening ipv4 listen socket on port 1883.
1765381620: Opening ipv6 listen socket on port 1883.
1765381620: Opening websockets listen socket on port 9001.
1765381620: mosquitto version 2.0.22 running
1765381627: New client connected from ::ffff:172.21.0.1:46154 as mqttjs_6295652c (p2, c1, k60, u'toto').
1765381627: New connection from 172.21.0.5:53163 on port 1883.
1765381628: New client connected from 172.21.0.5:53163 as bridge-doors (p2, c1, k60, u'toto').
1765381759: New connection from 172.21.0.4:54289 on port 1883.
1765381759: New client connected from 172.21.0.4:54289 as sim-badgeuse-badgeuse-59 (p2, c1, k60, u'toto').
1765381759: New connection from 172.21.0.4:52629 on port 1883.
1765381759: New connection from 172.21.0.4:35791 on port 1883.
1765381759: New connection from 172.21.0.4:58165 on port 1883.
1765381759: New client connected from 172.21.0.4:52629 as sim-porte-porte-36 (p2, c1, k60, u'toto').
1765381759: New client connected from 172.21.0.4:35791 as sim-badgeuse-badgeuse-61 (p2, c1, k60, u'toto').
1765381759: New client connected from 172.21.0.4:58165 as sim-porte-porte-60 (p2, c1, k60, u'toto').
1765381836: mosquitto version 2.0.22 terminating
1765381836: Saving in-memory database to /mosquitto/data//mosquitto.db.
1765381836: Client mqttjs_6295652c closed its connection.
1765381999: mosquitto version 2.0.22 starting
1765381999: Config loaded from /mosquitto/config/mosquitto.conf.
1765381999: Warning: File /mosquitto/config/passwordfile has world readable permissions. Future versions will refuse to load this file.
To fix this, use `chmod 0700 /mosquitto/config/passwordfile`.
1765381999: Opening ipv4 listen socket on port 1883.
1765381999: Opening ipv6 listen socket on port 1883.
1765381999: Opening websockets listen socket on port 9001.
1765381999: mosquitto version 2.0.22 running
1765382002: New client connected from ::ffff:172.21.0.1:44564 as mqttjs_6295652c (p2, c1, k60, u'toto').
1765382003: New connection from 172.21.0.5:49881 on port 1883.
1765382003: New client connected from 172.21.0.5:49881 as bridge-doors (p2, c1, k60, u'toto').
1765382054: New connection from 172.21.0.3:52443 on port 1883.
1765382054: New connection from 172.21.0.3:39219 on port 1883.
1765382054: New connection from 172.21.0.3:33711 on port 1883.
1765382054: New connection from 172.21.0.3:44681 on port 1883.
1765382054: New client connected from 172.21.0.3:52443 as sim-badgeuse-badgeuse-12 (p2, c1, k60, u'toto').
1765382054: New client connected from 172.21.0.3:39219 as sim-porte-porte-6 (p2, c1, k60, u'toto').
1765382054: New client connected from 172.21.0.3:33711 as sim-porte-porte-5 (p2, c1, k60, u'toto').
1765382054: New client connected from 172.21.0.3:44681 as sim-badgeuse-badgeuse-13 (p2, c1, k60, u'toto').
1765382054: New connection from 172.21.0.3:55307 on port 1883.
1765382054: New connection from 172.21.0.3:37965 on port 1883.
1765382054: New connection from 172.21.0.3:56645 on port 1883.
1765382054: New connection from 172.21.0.3:34439 on port 1883.
1765382054: New connection from 172.21.0.3:40291 on port 1883.
1765382054: New connection from 172.21.0.3:36167 on port 1883.
1765382054: New connection from 172.21.0.3:50759 on port 1883.
1765382054: New connection from 172.21.0.3:40187 on port 1883.
1765382054: New connection from 172.21.0.3:59813 on port 1883.
1765382054: New connection from 172.21.0.3:49049 on port 1883.
1765382054: New connection from 172.21.0.3:40639 on port 1883.
1765382054: New connection from 172.21.0.3:51283 on port 1883.
1765382054: New connection from 172.21.0.3:46575 on port 1883.
1765382054: New connection from 172.21.0.3:51681 on port 1883.
1765382054: New client connected from 172.21.0.3:55307 as sim-badgeuse-badgeuse-15 (p2, c1, k60, u'toto').
1765382054: New client connected from 172.21.0.3:37965 as sim-porte-porte-14 (p2, c1, k60, u'toto').
1765382054: New client connected from 172.21.0.3:56645 as sim-porte-porte-16 (p2, c1, k60, u'toto').
1765382054: New client connected from 172.21.0.3:34439 as sim-porte-porte-18 (p2, c1, k60, u'toto').
1765382054: New client connected from 172.21.0.3:40291 as sim-badgeuse-badgeuse-17 (p2, c1, k60, u'toto').
1765382054: New client connected from 172.21.0.3:36167 as sim-porte-porte-29 (p2, c1, k60, u'toto').
1765382054: New client connected from 172.21.0.3:50759 as sim-badgeuse-badgeuse-26 (p2, c1, k60, u'toto').
1765382054: New client connected from 172.21.0.3:40187 as sim-badgeuse-badgeuse-28 (p2, c1, k60, u'toto').
1765382054: New client connected from 172.21.0.3:59813 as sim-badgeuse-badgeuse-33 (p2, c1, k60, u'toto').
1765382054: New client connected from 172.21.0.3:49049 as sim-porte-porte-27 (p2, c1, k60, u'toto').
1765382054: New client connected from 172.21.0.3:40639 as sim-badgeuse-badgeuse-35 (p2, c1, k60, u'toto').
1765382054: New client connected from 172.21.0.3:51283 as sim-porte-porte-34 (p2, c1, k60, u'toto').
1765382054: New client connected from 172.21.0.3:46575 as sim-porte-porte-36 (p2, c1, k60, u'toto').
1765382054: New client connected from 172.21.0.3:51681 as sim-badgeuse-badgeuse-59 (p2, c1, k60, u'toto').
1765382054: New connection from 172.21.0.3:54291 on port 1883.
1765382054: New connection from 172.21.0.3:41349 on port 1883.
1765382054: New client connected from 172.21.0.3:54291 as sim-badgeuse-badgeuse-61 (p2, c1, k60, u'toto').
1765382054: New client connected from 172.21.0.3:41349 as sim-porte-porte-60 (p2, c1, k60, u'toto').
1765382086: Client mqttjs_6295652c closed its connection.
1765382100: Client <unknown> closed its connection.
1765382100: New client connected from ::ffff:172.21.0.1:50046 as mqttjs_de768181 (p2, c1, k60, u'toto').
1765382105: Client sim-badgeuse-badgeuse-59 disconnected.
1765382107: Client sim-badgeuse-badgeuse-61 disconnected.
1765382115: Client sim-porte-porte-36 disconnected.
1765382134: Client mqttjs_de768181 closed its connection.
1765382135: Client <unknown> closed its connection.
1765382135: New client connected from ::ffff:172.21.0.1:57522 as mqttjs_f4df03d0 (p2, c1, k60, u'toto').
1765382218: New connection from 172.21.0.3:43805 on port 1883.
1765382218: New client connected from 172.21.0.3:43805 as sim-porte-porte-36 (p2, c1, k60, u'toto').
1765382221: New connection from 172.21.0.3:40901 on port 1883.
1765382221: New client connected from 172.21.0.3:40901 as sim-badgeuse-badgeuse-63 (p2, c1, k60, u'toto').
1765382265: Client mqttjs_f4df03d0 closed its connection.
1765382266: Client <unknown> closed its connection.
1765382266: New client connected from ::ffff:172.21.0.1:39648 as mqttjs_1b17853b (p2, c1, k60, u'toto').
1765382662: Client mqttjs_1b17853b closed its connection.
1765382665: New client connected from ::ffff:172.21.0.1:34974 as mqttjs_1b17853b (p2, c1, k60, u'toto').
1765382953: Client mqttjs_1b17853b closed its connection.
1765383241: mosquitto version 2.0.22 terminating
1765383241: Saving in-memory database to /mosquitto/data//mosquitto.db.
1765383477: mosquitto version 2.0.22 starting
1765383477: Config loaded from /mosquitto/config/mosquitto.conf.
1765383477: Warning: File /mosquitto/config/passwordfile has world readable permissions. Future versions will refuse to load this file.
To fix this, use `chmod 0700 /mosquitto/config/passwordfile`.
1765383477: Opening ipv4 listen socket on port 1883.
1765383477: Opening ipv6 listen socket on port 1883.
1765383477: Opening websockets listen socket on port 9001.
1765383477: mosquitto version 2.0.22 running
1765383483: New connection from 172.21.0.6:47689 on port 1883.
1765383483: New client connected from 172.21.0.6:47689 as bridge-doors (p2, c1, k60, u'toto').
1765383500: Client <unknown> closed its connection.
1765383500: New client connected from ::ffff:172.21.0.1:33780 as mqttjs_46d28992 (p2, c1, k60, u'toto').
1765383526: Client mqttjs_46d28992 closed its connection.
1765383560: New connection from 172.21.0.7:40427 on port 1883.
1765383560: New client connected from 172.21.0.7:40427 as sim-porte-porte-5 (p2, c1, k60, u'toto').
1765383560: New connection from 172.21.0.7:37789 on port 1883.
1765383560: New client connected from 172.21.0.7:37789 as sim-porte-porte-6 (p2, c1, k60, u'toto').
1765383560: New connection from 172.21.0.7:57981 on port 1883.
1765383560: New client connected from 172.21.0.7:57981 as sim-badgeuse-badgeuse-12 (p2, c1, k60, u'toto').
1765383560: New connection from 172.21.0.7:56757 on port 1883.
1765383560: New connection from 172.21.0.7:33481 on port 1883.
1765383560: New client connected from 172.21.0.7:56757 as sim-badgeuse-badgeuse-13 (p2, c1, k60, u'toto').
1765383560: New client connected from 172.21.0.7:33481 as sim-porte-porte-14 (p2, c1, k60, u'toto').
1765383560: New connection from 172.21.0.7:42751 on port 1883.
1765383560: New connection from 172.21.0.7:44425 on port 1883.
1765383560: New client connected from 172.21.0.7:42751 as sim-badgeuse-badgeuse-15 (p2, c1, k60, u'toto').
1765383560: New client connected from 172.21.0.7:44425 as sim-porte-porte-16 (p2, c1, k60, u'toto').
1765383560: New connection from 172.21.0.7:49957 on port 1883.
1765383560: New client connected from 172.21.0.7:49957 as sim-porte-porte-18 (p2, c1, k60, u'toto').
1765383560: New connection from 172.21.0.7:50401 on port 1883.
1765383560: New connection from 172.21.0.7:55003 on port 1883.
1765383560: New client connected from 172.21.0.7:55003 as sim-badgeuse-badgeuse-17 (p2, c1, k60, u'toto').
1765383560: New connection from 172.21.0.7:32957 on port 1883.
1765383560: New client connected from 172.21.0.7:50401 as sim-badgeuse-badgeuse-26 (p2, c1, k60, u'toto').
1765383560: New client connected from 172.21.0.7:32957 as sim-porte-porte-27 (p2, c1, k60, u'toto').
1765383560: New connection from 172.21.0.7:48743 on port 1883.
1765383560: New client connected from 172.21.0.7:48743 as sim-badgeuse-badgeuse-28 (p2, c1, k60, u'toto').
1765383560: New connection from 172.21.0.7:50781 on port 1883.
1765383560: New client connected from 172.21.0.7:50781 as sim-porte-porte-29 (p2, c1, k60, u'toto').
1765383560: New connection from 172.21.0.7:46671 on port 1883.
1765383560: New client connected from 172.21.0.7:46671 as sim-badgeuse-badgeuse-33 (p2, c1, k60, u'toto').
1765383560: New connection from 172.21.0.7:58195 on port 1883.
1765383560: New client connected from 172.21.0.7:58195 as sim-porte-porte-34 (p2, c1, k60, u'toto').
1765383560: New connection from 172.21.0.7:55881 on port 1883.
1765383560: New client connected from 172.21.0.7:55881 as sim-badgeuse-badgeuse-35 (p2, c1, k60, u'toto').
1765383560: New connection from 172.21.0.7:56209 on port 1883.
1765383560: New client connected from 172.21.0.7:56209 as sim-porte-porte-36 (p2, c1, k60, u'toto').
1765383560: New connection from 172.21.0.7:49471 on port 1883.
1765383560: New client connected from 172.21.0.7:49471 as sim-badgeuse-badgeuse-63 (p2, c1, k60, u'toto').
1765383578: Client <unknown> closed its connection.
1765383578: New client connected from ::ffff:172.21.0.1:57526 as mqttjs_fc11c5a8 (p2, c1, k60, u'toto').
1765383906: Client mqttjs_fc11c5a8 closed its connection.
1765384106: mosquitto version 2.0.22 terminating
1765384106: Saving in-memory database to /mosquitto/data//mosquitto.db.
1765384280: mosquitto version 2.0.22 starting
1765384280: Config loaded from /mosquitto/config/mosquitto.conf.
1765384280: Warning: File /mosquitto/config/passwordfile has world readable permissions. Future versions will refuse to load this file.
To fix this, use `chmod 0700 /mosquitto/config/passwordfile`.
1765384280: Opening ipv4 listen socket on port 1883.
1765384280: Opening ipv6 listen socket on port 1883.
1765384280: Opening websockets listen socket on port 9001.
1765384280: mosquitto version 2.0.22 running
1765384285: New connection from 172.21.0.8:46253 on port 1883.
1765384285: New client connected from 172.21.0.8:46253 as bridge-doors (p2, c1, k60, u'toto').
1765384362: New connection from 172.21.0.5:58231 on port 1883.
1765384362: New client connected from 172.21.0.5:58231 as sim-porte-porte-6 (p2, c1, k60, u'toto').
1765384362: New connection from 172.21.0.5:49719 on port 1883.
1765384362: New client connected from 172.21.0.5:49719 as sim-porte-porte-5 (p2, c1, k60, u'toto').
1765384362: New connection from 172.21.0.5:60235 on port 1883.
1765384362: New connection from 172.21.0.5:49799 on port 1883.
1765384362: New connection from 172.21.0.5:47025 on port 1883.
1765384362: New connection from 172.21.0.5:41003 on port 1883.
1765384362: New client connected from 172.21.0.5:60235 as sim-badgeuse-badgeuse-15 (p2, c1, k60, u'toto').
1765384362: New client connected from 172.21.0.5:49799 as sim-porte-porte-14 (p2, c1, k60, u'toto').
1765384362: New client connected from 172.21.0.5:47025 as sim-badgeuse-badgeuse-13 (p2, c1, k60, u'toto').
1765384362: New client connected from 172.21.0.5:41003 as sim-badgeuse-badgeuse-12 (p2, c1, k60, u'toto').
1765384362: New connection from 172.21.0.5:43047 on port 1883.
1765384362: New connection from 172.21.0.5:50429 on port 1883.
1765384362: New connection from 172.21.0.5:52589 on port 1883.
1765384362: New client connected from 172.21.0.5:43047 as sim-badgeuse-badgeuse-17 (p2, c1, k60, u'toto').
1765384362: New client connected from 172.21.0.5:50429 as sim-porte-porte-16 (p2, c1, k60, u'toto').
1765384362: New client connected from 172.21.0.5:52589 as sim-porte-porte-18 (p2, c1, k60, u'toto').
1765384362: New connection from 172.21.0.5:47209 on port 1883.
1765384362: New client connected from 172.21.0.5:47209 as sim-badgeuse-badgeuse-26 (p2, c1, k60, u'toto').
1765384362: New connection from 172.21.0.5:50007 on port 1883.
1765384362: New client connected from 172.21.0.5:50007 as sim-porte-porte-27 (p2, c1, k60, u'toto').
1765384362: New connection from 172.21.0.5:58301 on port 1883.
1765384362: New connection from 172.21.0.5:55283 on port 1883.
1765384362: New client connected from 172.21.0.5:58301 as sim-badgeuse-badgeuse-28 (p2, c1, k60, u'toto').
1765384362: New client connected from 172.21.0.5:55283 as sim-porte-porte-29 (p2, c1, k60, u'toto').
1765384362: New connection from 172.21.0.5:36303 on port 1883.
1765384362: New client connected from 172.21.0.5:36303 as sim-badgeuse-badgeuse-33 (p2, c1, k60, u'toto').
1765384363: New connection from 172.21.0.5:44999 on port 1883.
1765384363: New connection from 172.21.0.5:50553 on port 1883.
1765384363: New client connected from 172.21.0.5:44999 as sim-porte-porte-34 (p2, c1, k60, u'toto').
1765384363: New client connected from 172.21.0.5:50553 as sim-badgeuse-badgeuse-35 (p2, c1, k60, u'toto').
1765384363: New connection from 172.21.0.5:58175 on port 1883.
1765384363: New client connected from 172.21.0.5:58175 as sim-porte-porte-36 (p2, c1, k60, u'toto').
1765384363: New connection from 172.21.0.5:57255 on port 1883.
1765384363: New client connected from 172.21.0.5:57255 as sim-badgeuse-badgeuse-63 (p2, c1, k60, u'toto').
1765384513: Client <unknown> closed its connection.
1765384513: New client connected from ::ffff:172.21.0.1:33452 as mqttjs_be4e6e17 (p2, c1, k60, u'toto').
1765384882: mosquitto version 2.0.22 terminating
1765384882: Saving in-memory database to /mosquitto/data//mosquitto.db.
1765384882: Client mqttjs_be4e6e17 closed its connection.
1765385026: mosquitto version 2.0.22 starting
1765385026: Config loaded from /mosquitto/config/mosquitto.conf.
1765385026: Warning: File /mosquitto/config/passwordfile has world readable permissions. Future versions will refuse to load this file.
To fix this, use `chmod 0700 /mosquitto/config/passwordfile`.
1765385026: Opening ipv4 listen socket on port 1883.
1765385026: Opening ipv6 listen socket on port 1883.
1765385026: Opening websockets listen socket on port 9001.
1765385026: mosquitto version 2.0.22 running
1765385030: New connection from 172.21.0.5:37319 on port 1883.
1765385030: New client connected from 172.21.0.5:37319 as bridge-doors (p2, c1, k60, u'toto').
1765385077: New connection from 172.21.0.10:43319 on port 1883.
1765385077: New connection from 172.21.0.10:39665 on port 1883.
1765385077: New client connected from 172.21.0.10:39665 as sim-porte-porte-6 (p2, c1, k60, u'toto').
1765385077: New client connected from 172.21.0.10:43319 as sim-porte-porte-5 (p2, c1, k60, u'toto').
1765385077: New connection from 172.21.0.10:50297 on port 1883.
1765385077: New client connected from 172.21.0.10:50297 as sim-badgeuse-badgeuse-12 (p2, c1, k60, u'toto').
1765385077: New connection from 172.21.0.10:58655 on port 1883.
1765385077: New client connected from 172.21.0.10:58655 as sim-porte-porte-14 (p2, c1, k60, u'toto').
1765385077: New connection from 172.21.0.10:56463 on port 1883.
1765385077: New client connected from 172.21.0.10:56463 as sim-badgeuse-badgeuse-13 (p2, c1, k60, u'toto').
1765385077: New connection from 172.21.0.10:48925 on port 1883.
1765385077: New connection from 172.21.0.10:39573 on port 1883.
1765385077: New client connected from 172.21.0.10:48925 as sim-badgeuse-badgeuse-15 (p2, c1, k60, u'toto').
1765385077: New client connected from 172.21.0.10:39573 as sim-porte-porte-16 (p2, c1, k60, u'toto').
1765385077: New connection from 172.21.0.10:60499 on port 1883.
1765385077: New client connected from 172.21.0.10:60499 as sim-badgeuse-badgeuse-17 (p2, c1, k60, u'toto').
1765385077: New connection from 172.21.0.10:45151 on port 1883.
1765385077: New client connected from 172.21.0.10:45151 as sim-porte-porte-18 (p2, c1, k60, u'toto').
1765385077: New connection from 172.21.0.10:35527 on port 1883.
1765385077: New client connected from 172.21.0.10:35527 as sim-badgeuse-badgeuse-26 (p2, c1, k60, u'toto').
1765385077: New connection from 172.21.0.10:40293 on port 1883.
1765385077: New client connected from 172.21.0.10:40293 as sim-porte-porte-27 (p2, c1, k60, u'toto').
1765385077: New connection from 172.21.0.10:60249 on port 1883.
1765385077: New client connected from 172.21.0.10:60249 as sim-badgeuse-badgeuse-28 (p2, c1, k60, u'toto').
1765385077: New connection from 172.21.0.10:50751 on port 1883.
1765385077: New client connected from 172.21.0.10:50751 as sim-porte-porte-29 (p2, c1, k60, u'toto').
1765385077: New connection from 172.21.0.10:53865 on port 1883.
1765385077: New client connected from 172.21.0.10:53865 as sim-badgeuse-badgeuse-33 (p2, c1, k60, u'toto').
1765385077: New connection from 172.21.0.10:58007 on port 1883.
1765385077: New client connected from 172.21.0.10:58007 as sim-porte-porte-34 (p2, c1, k60, u'toto').
1765385077: New connection from 172.21.0.10:55561 on port 1883.
1765385077: New connection from 172.21.0.10:51111 on port 1883.
1765385077: New client connected from 172.21.0.10:51111 as sim-porte-porte-36 (p2, c1, k60, u'toto').
1765385077: New connection from 172.21.0.10:45557 on port 1883.
1765385077: New client connected from 172.21.0.10:55561 as sim-badgeuse-badgeuse-35 (p2, c1, k60, u'toto').
1765385077: New client connected from 172.21.0.10:45557 as sim-badgeuse-badgeuse-63 (p2, c1, k60, u'toto').
1765385110: Client <unknown> closed its connection.
1765385110: New client connected from ::ffff:172.21.0.1:35690 as mqttjs_7e63fb2c (p2, c1, k60, u'toto').
1765385412: mosquitto version 2.0.22 terminating
1765385412: Saving in-memory database to /mosquitto/data//mosquitto.db.
1765385412: Client mqttjs_7e63fb2c closed its connection.
1765385627: mosquitto version 2.0.22 starting
1765385627: Config loaded from /mosquitto/config/mosquitto.conf.
1765385627: Warning: File /mosquitto/config/passwordfile has world readable permissions. Future versions will refuse to load this file.
To fix this, use `chmod 0700 /mosquitto/config/passwordfile`.
1765385627: Opening ipv4 listen socket on port 1883.
1765385627: Opening ipv6 listen socket on port 1883.
1765385627: Opening websockets listen socket on port 9001.
1765385627: mosquitto version 2.0.22 running
1765385630: New connection from 172.21.0.6:59573 on port 1883.
1765385630: New client connected from 172.21.0.6:59573 as bridge-doors (p2, c1, k60, u'toto').
1765385641: New client connected from ::ffff:172.21.0.1:34548 as mqttjs_7e63fb2c (p2, c1, k60, u'toto').
1765385717: New connection from 172.21.0.10:44499 on port 1883.
1765385717: New connection from 172.21.0.10:58289 on port 1883.
1765385717: New connection from 172.21.0.10:45889 on port 1883.
1765385717: New client connected from 172.21.0.10:44499 as sim-porte-porte-6 (p2, c1, k60, u'toto').
1765385717: New client connected from 172.21.0.10:58289 as sim-badgeuse-badgeuse-12 (p2, c1, k60, u'toto').
1765385717: New client connected from 172.21.0.10:45889 as sim-porte-porte-5 (p2, c1, k60, u'toto').
1765385717: New connection from 172.21.0.10:47207 on port 1883.
1765385717: New client connected from 172.21.0.10:47207 as sim-badgeuse-badgeuse-13 (p2, c1, k60, u'toto').
1765385717: New connection from 172.21.0.10:36815 on port 1883.
1765385717: New connection from 172.21.0.10:36031 on port 1883.
1765385717: New connection from 172.21.0.10:35229 on port 1883.
1765385717: New connection from 172.21.0.10:53501 on port 1883.
1765385717: New client connected from 172.21.0.10:36815 as sim-porte-porte-14 (p2, c1, k60, u'toto').
1765385717: New client connected from 172.21.0.10:36031 as sim-porte-porte-16 (p2, c1, k60, u'toto').
1765385717: New client connected from 172.21.0.10:35229 as sim-badgeuse-badgeuse-17 (p2, c1, k60, u'toto').
1765385717: New client connected from 172.21.0.10:53501 as sim-badgeuse-badgeuse-15 (p2, c1, k60, u'toto').
1765385718: New connection from 172.21.0.10:57481 on port 1883.
1765385718: New connection from 172.21.0.10:32835 on port 1883.
1765385718: New connection from 172.21.0.10:41217 on port 1883.
1765385718: New connection from 172.21.0.10:60255 on port 1883.
1765385718: New connection from 172.21.0.10:33783 on port 1883.
1765385718: New connection from 172.21.0.10:47413 on port 1883.
1765385718: New client connected from 172.21.0.10:57481 as sim-porte-porte-18 (p2, c1, k60, u'toto').
1765385718: New client connected from 172.21.0.10:32835 as sim-porte-porte-27 (p2, c1, k60, u'toto').
1765385718: New client connected from 172.21.0.10:41217 as sim-badgeuse-badgeuse-26 (p2, c1, k60, u'toto').
1765385718: New client connected from 172.21.0.10:60255 as sim-badgeuse-badgeuse-28 (p2, c1, k60, u'toto').
1765385718: New client connected from 172.21.0.10:33783 as sim-porte-porte-29 (p2, c1, k60, u'toto').
1765385718: New client connected from 172.21.0.10:47413 as sim-porte-porte-34 (p2, c1, k60, u'toto').
1765385718: New connection from 172.21.0.10:59009 on port 1883.
1765385718: New connection from 172.21.0.10:46809 on port 1883.
1765385718: New client connected from 172.21.0.10:59009 as sim-badgeuse-badgeuse-33 (p2, c1, k60, u'toto').
1765385718: New client connected from 172.21.0.10:46809 as sim-badgeuse-badgeuse-35 (p2, c1, k60, u'toto').
1765385718: New connection from 172.21.0.10:39861 on port 1883.
1765385718: New connection from 172.21.0.10:53143 on port 1883.
1765385718: New client connected from 172.21.0.10:39861 as sim-badgeuse-badgeuse-63 (p2, c1, k60, u'toto').
1765385718: New client connected from 172.21.0.10:53143 as sim-porte-porte-36 (p2, c1, k60, u'toto').
1765385737: New client connected from ::ffff:172.21.0.1:37934 as mqttx_e887e6e2 (p5, c1, k60, u'toto').
1765385740: Client mqttjs_7e63fb2c closed its connection.
1765385779: Client <unknown> closed its connection.
1765385779: New client connected from ::ffff:172.21.0.1:45894 as mqttjs_d0281cec (p2, c1, k60, u'toto').
1765386092: mosquitto version 2.0.22 terminating
1765386092: Saving in-memory database to /mosquitto/data//mosquitto.db.
1765386092: Client mqttjs_d0281cec closed its connection.
1765386092: Client mqttx_e887e6e2 closed its connection.
1765386293: mosquitto version 2.0.22 starting
1765386293: Config loaded from /mosquitto/config/mosquitto.conf.
1765386293: Warning: File /mosquitto/config/passwordfile has world readable permissions. Future versions will refuse to load this file.
To fix this, use `chmod 0700 /mosquitto/config/passwordfile`.
1765386293: Opening ipv4 listen socket on port 1883.
1765386293: Opening ipv6 listen socket on port 1883.
1765386293: Opening websockets listen socket on port 9001.
1765386293: mosquitto version 2.0.22 running
1765386299: New connection from 172.21.0.9:54031 on port 1883.
1765386299: New client connected from 172.21.0.9:54031 as bridge-doors (p2, c1, k60, u'toto').
1765386366: New connection from 172.21.0.4:48989 on port 1883.
1765386366: New connection from 172.21.0.4:53455 on port 1883.
1765386366: New connection from 172.21.0.4:56495 on port 1883.
1765386366: New connection from 172.21.0.4:34077 on port 1883.
1765386366: New connection from 172.21.0.4:46141 on port 1883.
1765386366: New connection from 172.21.0.4:45773 on port 1883.
1765386366: New connection from 172.21.0.4:38251 on port 1883.
1765386366: New connection from 172.21.0.4:56295 on port 1883.
1765386366: New connection from 172.21.0.4:59601 on port 1883.
1765386366: New connection from 172.21.0.4:34529 on port 1883.
1765386366: New connection from 172.21.0.4:59829 on port 1883.
1765386366: New connection from 172.21.0.4:55871 on port 1883.
1765386366: New connection from 172.21.0.4:35571 on port 1883.
1765386366: New connection from 172.21.0.4:49353 on port 1883.
1765386366: New connection from 172.21.0.4:45961 on port 1883.
1765386366: New connection from 172.21.0.4:54897 on port 1883.
1765386366: New connection from 172.21.0.4:58765 on port 1883.
1765386366: New connection from 172.21.0.4:45599 on port 1883.
1765386366: New client connected from 172.21.0.4:48989 as sim-porte-porte-5 (p2, c1, k60, u'toto').
1765386366: New client connected from 172.21.0.4:53455 as sim-porte-porte-6 (p2, c1, k60, u'toto').
1765386366: New client connected from 172.21.0.4:56495 as sim-badgeuse-badgeuse-13 (p2, c1, k60, u'toto').
1765386366: New client connected from 172.21.0.4:34077 as sim-badgeuse-badgeuse-12 (p2, c1, k60, u'toto').
1765386366: New client connected from 172.21.0.4:46141 as sim-badgeuse-badgeuse-15 (p2, c1, k60, u'toto').
1765386366: New client connected from 172.21.0.4:45773 as sim-porte-porte-14 (p2, c1, k60, u'toto').
1765386366: New client connected from 172.21.0.4:38251 as sim-porte-porte-16 (p2, c1, k60, u'toto').
1765386366: New client connected from 172.21.0.4:56295 as sim-porte-porte-18 (p2, c1, k60, u'toto').
1765386366: New client connected from 172.21.0.4:59601 as sim-badgeuse-badgeuse-17 (p2, c1, k60, u'toto').
1765386366: New client connected from 172.21.0.4:34529 as sim-badgeuse-badgeuse-26 (p2, c1, k60, u'toto').
1765386366: New client connected from 172.21.0.4:59829 as sim-badgeuse-badgeuse-28 (p2, c1, k60, u'toto').
1765386366: New client connected from 172.21.0.4:55871 as sim-porte-porte-27 (p2, c1, k60, u'toto').
1765386366: New client connected from 172.21.0.4:35571 as sim-porte-porte-29 (p2, c1, k60, u'toto').
1765386366: New client connected from 172.21.0.4:49353 as sim-badgeuse-badgeuse-33 (p2, c1, k60, u'toto').
1765386366: New client connected from 172.21.0.4:45961 as sim-badgeuse-badgeuse-35 (p2, c1, k60, u'toto').
1765386366: New client connected from 172.21.0.4:54897 as sim-porte-porte-34 (p2, c1, k60, u'toto').
1765386366: New client connected from 172.21.0.4:58765 as sim-porte-porte-36 (p2, c1, k60, u'toto').
1765386366: New client connected from 172.21.0.4:45599 as sim-badgeuse-badgeuse-63 (p2, c1, k60, u'toto').
1765386458: Client <unknown> closed its connection.
1765386458: New client connected from ::ffff:172.21.0.1:33304 as mqttjs_3252f407 (p2, c1, k60, u'toto').
1765386690: Client mqttjs_3252f407 closed its connection.
1765386691: Client <unknown> closed its connection.
1765386691: New client connected from ::ffff:172.21.0.1:44906 as mqttjs_5a8c57c0 (p2, c1, k60, u'toto').
1765386734: Client sim-porte-porte-5 disconnected.
1765386735: Client sim-porte-porte-6 disconnected.
1765386736: Client sim-porte-porte-14 disconnected.
1765386737: Client sim-porte-porte-16 disconnected.
1765386738: Client sim-porte-porte-18 disconnected.
1765386739: Client sim-porte-porte-27 disconnected.
1765386740: Client sim-porte-porte-29 disconnected.
1765386741: Client sim-porte-porte-34 disconnected.
1765386743: Client sim-badgeuse-badgeuse-12 disconnected.
1765386744: Client sim-badgeuse-badgeuse-13 disconnected.
1765386745: Client sim-badgeuse-badgeuse-15 disconnected.
1765386747: Client sim-badgeuse-badgeuse-17 disconnected.
1765386748: Client sim-badgeuse-badgeuse-26 disconnected.
1765386752: Client sim-badgeuse-badgeuse-28 disconnected.
1765386754: Client sim-badgeuse-badgeuse-33 disconnected.
1765386756: Client sim-badgeuse-badgeuse-35 disconnected.
1765387540: mosquitto version 2.0.22 terminating
1765387540: Saving in-memory database to /mosquitto/data//mosquitto.db.
1765387540: Client mqttjs_5a8c57c0 closed its connection.
1765387789: mosquitto version 2.0.22 starting
1765387789: Config loaded from /mosquitto/config/mosquitto.conf.
1765387789: Warning: File /mosquitto/config/passwordfile has world readable permissions. Future versions will refuse to load this file.
To fix this, use `chmod 0700 /mosquitto/config/passwordfile`.
1765387789: Opening ipv4 listen socket on port 1883.
1765387789: Opening ipv6 listen socket on port 1883.
1765387789: Opening websockets listen socket on port 9001.
1765387789: mosquitto version 2.0.22 running
1765387797: New connection from 172.21.0.9:47631 on port 1883.
1765387797: New client connected from 172.21.0.9:47631 as bridge-doors (p2, c1, k60, u'toto').
1765387863: New connection from 172.21.0.4:54251 on port 1883.
1765387863: New connection from 172.21.0.4:44495 on port 1883.
1765387863: New client connected from 172.21.0.4:44495 as sim-badgeuse-badgeuse-63 (p2, c1, k60, u'toto').
1765387863: New client connected from 172.21.0.4:54251 as sim-porte-porte-36 (p2, c1, k60, u'toto').
1765387930: Client <unknown> closed its connection.
1765387931: New client connected from ::ffff:172.21.0.1:51180 as mqttjs_4e4c2bef (p2, c1, k60, u'toto').
1765388013: Client mqttjs_4e4c2bef closed its connection.
1765388013: Client <unknown> closed its connection.
1765388013: New client connected from ::ffff:172.21.0.1:40874 as mqttjs_8808ebed (p2, c1, k60, u'toto').
1765388140: New connection from 172.21.0.4:55183 on port 1883.
1765388140: New client connected from 172.21.0.4:55183 as sim-porte-porte-64 (p2, c1, k60, u'toto').
1765388142: New connection from 172.21.0.4:40067 on port 1883.
1765388142: New client connected from 172.21.0.4:40067 as sim-badgeuse-badgeuse-65 (p2, c1, k60, u'toto').
1765388422: mosquitto version 2.0.22 terminating
1765388422: Saving in-memory database to /mosquitto/data//mosquitto.db.
1765388422: Client mqttjs_8808ebed closed its connection.
1765388673: mosquitto version 2.0.22 starting
1765388673: Config loaded from /mosquitto/config/mosquitto.conf.
1765388673: Warning: File /mosquitto/config/passwordfile has world readable permissions. Future versions will refuse to load this file.
To fix this, use `chmod 0700 /mosquitto/config/passwordfile`.
1765388673: Opening ipv4 listen socket on port 1883.
1765388673: Opening ipv6 listen socket on port 1883.
1765388673: Opening websockets listen socket on port 9001.
1765388673: mosquitto version 2.0.22 running
1765388678: New client connected from ::ffff:172.21.0.1:47844 as mqttjs_8808ebed (p2, c1, k60, u'toto').
1765388681: New connection from 172.21.0.7:44651 on port 1883.
1765388681: New client connected from 172.21.0.7:44651 as bridge-doors (p2, c1, k60, u'toto').
1765388734: New connection from 172.21.0.9:43167 on port 1883.
1765388734: New connection from 172.21.0.9:38287 on port 1883.
1765388734: New connection from 172.21.0.9:36311 on port 1883.
1765388734: New connection from 172.21.0.9:34219 on port 1883.
1765388734: New client connected from 172.21.0.9:43167 as sim-porte-porte-64 (p2, c1, k60, u'toto').
1765388734: New client connected from 172.21.0.9:38287 as sim-porte-porte-36 (p2, c1, k60, u'toto').
1765388734: New client connected from 172.21.0.9:36311 as sim-badgeuse-badgeuse-65 (p2, c1, k60, u'toto').
1765388734: New client connected from 172.21.0.9:34219 as sim-badgeuse-badgeuse-63 (p2, c1, k60, u'toto').
1765388764: Client mqttjs_8808ebed closed its connection.
1765388810: Client <unknown> closed its connection.
1765388810: New client connected from ::ffff:172.21.0.1:55344 as mqttjs_293a0e1d (p2, c1, k60, u'toto').
1765388995: Client mqttjs_293a0e1d closed its connection.
1765388996: Client <unknown> closed its connection.
1765388996: New client connected from ::ffff:172.21.0.1:47518 as mqttjs_8db388e6 (p2, c1, k60, u'toto').
1765389014: New connection from 172.21.0.9:47805 on port 1883.
1765389014: New client connected from 172.21.0.9:47805 as sim-porte-porte-66 (p2, c1, k60, u'toto').
1765389019: New connection from 172.21.0.9:39027 on port 1883.
1765389019: New client connected from 172.21.0.9:39027 as sim-badgeuse-badgeuse-67 (p2, c1, k60, u'toto').
1765389307: New client connected from ::ffff:172.21.0.1:45448 as mqttx_e887e6e2 (p5, c1, k60, u'toto').
1765389397: Client mqttx_e887e6e2 closed its connection.
1765389452: New client connected from ::ffff:172.21.0.1:38460 as mqttx_e887e6e2 (p5, c1, k60, u'toto').
1765389665: Client mqttx_e887e6e2 closed its connection.
1765389702: Client mqttjs_8db388e6 closed its connection.
1765389891: mosquitto version 2.0.22 terminating
1765389891: Saving in-memory database to /mosquitto/data//mosquitto.db.
1765389970: mosquitto version 2.0.22 starting
1765389970: Config loaded from /mosquitto/config/mosquitto.conf.
1765389970: Warning: File /mosquitto/config/passwordfile has world readable permissions. Future versions will refuse to load this file.
To fix this, use `chmod 0700 /mosquitto/config/passwordfile`.
1765389970: Opening ipv4 listen socket on port 1883.
1765389970: Opening ipv6 listen socket on port 1883.
1765389970: Opening websockets listen socket on port 9001.
1765389970: mosquitto version 2.0.22 running
1765389977: New connection from 172.21.0.9:46973 on port 1883.
1765389977: New client connected from 172.21.0.9:46973 as bridge-doors (p2, c1, k60, u'toto').
1765390039: New client connected from ::ffff:172.21.0.1:48746 as mqttjs_8db388e6 (p2, c1, k60, u'toto').
1765390053: New connection from 172.21.0.7:44379 on port 1883.
1765390053: New connection from 172.21.0.7:42427 on port 1883.
1765390053: New connection from 172.21.0.7:48169 on port 1883.
1765390053: New connection from 172.21.0.7:46729 on port 1883.
1765390053: New connection from 172.21.0.7:42617 on port 1883.
1765390053: New connection from 172.21.0.7:54933 on port 1883.
1765390053: New client connected from 172.21.0.7:44379 as sim-badgeuse-badgeuse-65 (p2, c1, k60, u'toto').
1765390053: New client connected from 172.21.0.7:42427 as sim-porte-porte-66 (p2, c1, k60, u'toto').
1765390053: New client connected from 172.21.0.7:48169 as sim-porte-porte-64 (p2, c1, k60, u'toto').
1765390053: New client connected from 172.21.0.7:46729 as sim-badgeuse-badgeuse-67 (p2, c1, k60, u'toto').
1765390053: New client connected from 172.21.0.7:42617 as sim-porte-porte-36 (p2, c1, k60, u'toto').
1765390053: New client connected from 172.21.0.7:54933 as sim-badgeuse-badgeuse-63 (p2, c1, k60, u'toto').
1765390061: Client mqttjs_8db388e6 closed its connection.
1765390074: Client <unknown> closed its connection.
1765390074: New client connected from ::ffff:172.21.0.1:60854 as mqttjs_c2fa7609 (p2, c1, k60, u'toto').
1765407181: mosquitto version 2.0.22 starting
1765407181: Config loaded from /mosquitto/config/mosquitto.conf.
1765407181: Warning: File /mosquitto/config/passwordfile has world readable permissions. Future versions will refuse to load this file.
To fix this, use `chmod 0700 /mosquitto/config/passwordfile`.
1765407181: Opening ipv4 listen socket on port 1883.
1765407181: Opening ipv6 listen socket on port 1883.
1765407181: Opening websockets listen socket on port 9001.
1765407181: mosquitto version 2.0.22 running
1765407190: New connection from 172.21.0.6:54997 on port 1883.
1765407190: New client connected from 172.21.0.6:54997 as bridge-doors (p2, c1, k60, u'toto').
1765407262: New connection from 172.21.0.9:52359 on port 1883.
1765407262: New client connected from 172.21.0.9:52359 as sim-badgeuse-badgeuse-65 (p2, c1, k60, u'toto').
1765407262: New connection from 172.21.0.9:46463 on port 1883.
1765407262: New client connected from 172.21.0.9:46463 as sim-porte-porte-64 (p2, c1, k60, u'toto').
1765407262: New connection from 172.21.0.9:44311 on port 1883.
1765407262: New client connected from 172.21.0.9:44311 as sim-porte-porte-66 (p2, c1, k60, u'toto').
1765407262: New connection from 172.21.0.9:56253 on port 1883.
1765407262: New client connected from 172.21.0.9:56253 as sim-badgeuse-badgeuse-67 (p2, c1, k60, u'toto').
1765407262: New connection from 172.21.0.9:53271 on port 1883.
1765407262: New client connected from 172.21.0.9:53271 as sim-porte-porte-36 (p2, c1, k60, u'toto').
1765407262: New connection from 172.21.0.9:38041 on port 1883.
1765407262: New client connected from 172.21.0.9:38041 as sim-badgeuse-badgeuse-63 (p2, c1, k60, u'toto').
1765407290: mosquitto version 2.0.22 terminating
1765407290: Saving in-memory database to /mosquitto/data//mosquitto.db.
1765407391: mosquitto version 2.0.22 starting
1765407391: Config loaded from /mosquitto/config/mosquitto.conf.
1765407391: Warning: File /mosquitto/config/passwordfile has world readable permissions. Future versions will refuse to load this file.
To fix this, use `chmod 0700 /mosquitto/config/passwordfile`.
1765407391: Opening ipv4 listen socket on port 1883.
1765407391: Opening ipv6 listen socket on port 1883.
1765407391: Opening websockets listen socket on port 9001.
1765407391: mosquitto version 2.0.22 running
1765407395: New connection from 172.21.0.6:37613 on port 1883.
1765407395: New client connected from 172.21.0.6:37613 as bridge-doors (p2, c1, k60, u'toto').
1765407527: New connection from 172.21.0.8:43805 on port 1883.
1765407527: New client connected from 172.21.0.8:43805 as sim-porte-porte-118 (p2, c1, k60, u'toto').
1765409192: Saving in-memory database to /mosquitto/data//mosquitto.db.
1765538408: mosquitto version 2.0.22 starting
1765538408: Config loaded from /mosquitto/config/mosquitto.conf.
1765538408: Warning: File /mosquitto/config/passwordfile has world readable permissions. Future versions will refuse to load this file.
To fix this, use `chmod 0700 /mosquitto/config/passwordfile`.
1765538408: Opening ipv4 listen socket on port 1883.
1765538408: Opening ipv6 listen socket on port 1883.
1765538408: Opening websockets listen socket on port 9001.
1765538408: mosquitto version 2.0.22 running
1765538425: New connection from 172.21.0.9:42331 on port 1883.
1765538425: New client connected from 172.21.0.9:42331 as bridge-doors (p2, c1, k60, u'toto').
1765538557: New connection from 172.21.0.4:38485 on port 1883.
1765538557: New client connected from 172.21.0.4:38485 as sim-porte-porte-118 (p2, c1, k60, u'toto').
1765541339: mosquitto version 2.0.22 starting
1765541339: Config loaded from /mosquitto/config/mosquitto.conf.
1765541339: Warning: File /mosquitto/config/passwordfile has world readable permissions. Future versions will refuse to load this file.
To fix this, use `chmod 0700 /mosquitto/config/passwordfile`.
1765541339: Opening ipv4 listen socket on port 1883.
1765541339: Opening ipv6 listen socket on port 1883.
1765541339: Opening websockets listen socket on port 9001.
1765541339: mosquitto version 2.0.22 running
1765541353: New connection from 172.21.0.10:40237 on port 1883.
1765541353: New client connected from 172.21.0.10:40237 as bridge-doors (p2, c1, k60, u'toto').
1765541486: New connection from 172.21.0.2:36611 on port 1883.
1765541486: New client connected from 172.21.0.2:36611 as sim-porte-porte-118 (p2, c1, k60, u'toto').
1765541516: mosquitto version 2.0.22 terminating
1765541516: Saving in-memory database to /mosquitto/data//mosquitto.db.
1765611950: mosquitto version 2.0.22 starting
1765611950: Config loaded from /mosquitto/config/mosquitto.conf.
1765611950: Warning: File /mosquitto/config/passwordfile has world readable permissions. Future versions will refuse to load this file.
To fix this, use `chmod 0700 /mosquitto/config/passwordfile`.
1765611950: Opening ipv4 listen socket on port 1883.
1765611950: Opening ipv6 listen socket on port 1883.
1765611950: Opening websockets listen socket on port 9001.
1765611950: mosquitto version 2.0.22 running
1765611958: New connection from 172.21.0.6:39127 on port 1883.
1765611958: New client connected from 172.21.0.6:39127 as bridge-doors (p2, c1, k60, u'toto').
1765612024: New connection from 172.21.0.3:48641 on port 1883.
1765612024: New connection from 172.21.0.3:52429 on port 1883.
1765612024: New connection from 172.21.0.3:33249 on port 1883.
1765612024: New connection from 172.21.0.3:39025 on port 1883.
1765612024: New client connected from 172.21.0.3:48641 as sim-porte-porte-64 (p2, c1, k60, u'toto').
1765612024: New client connected from 172.21.0.3:52429 as sim-badgeuse-badgeuse-65 (p2, c1, k60, u'toto').
1765612024: New client connected from 172.21.0.3:33249 as sim-porte-porte-66 (p2, c1, k60, u'toto').
1765612024: New client connected from 172.21.0.3:39025 as sim-badgeuse-badgeuse-67 (p2, c1, k60, u'toto').
1765612025: New connection from 172.21.0.3:52501 on port 1883.
1765612025: New connection from 172.21.0.3:33743 on port 1883.
1765612025: New client connected from 172.21.0.3:52501 as sim-porte-porte-36 (p2, c1, k60, u'toto').
1765612025: New client connected from 172.21.0.3:33743 as sim-badgeuse-badgeuse-63 (p2, c1, k60, u'toto').
1765612161: mosquitto version 2.0.22 terminating
1765612161: Saving in-memory database to /mosquitto/data//mosquitto.db.
1765612329: mosquitto version 2.0.22 starting
1765612329: Config loaded from /mosquitto/config/mosquitto.conf.
1765612329: Warning: File /mosquitto/config/passwordfile has world readable permissions. Future versions will refuse to load this file.
To fix this, use `chmod 0700 /mosquitto/config/passwordfile`.
1765612329: Opening ipv4 listen socket on port 1883.
1765612329: Opening ipv6 listen socket on port 1883.
1765612329: Opening websockets listen socket on port 9001.
1765612329: mosquitto version 2.0.22 running
1765612334: New connection from 172.21.0.4:42259 on port 1883.
1765612334: New client connected from 172.21.0.4:42259 as bridge-doors (p2, c1, k60, u'toto').
1765612468: New connection from 172.21.0.8:46225 on port 1883.
1765612468: New client connected from 172.21.0.8:46225 as sim-porte-porte-118 (p2, c1, k60, u'toto').
1765613322: Client sim-porte-porte-118 closed its connection.
1765613322: Client bridge-doors closed its connection.
1765613337: New connection from 172.21.0.8:56597 on port 1883.
1765613337: New client connected from 172.21.0.8:56597 as bridge-doors (p2, c1, k60, u'toto').
1765613410: New connection from 172.21.0.4:53571 on port 1883.
1765613410: New connection from 172.21.0.4:50083 on port 1883.
1765613410: New client connected from 172.21.0.4:53571 as sim-porte-porte-66 (p2, c1, k60, u'toto').
1765613410: New client connected from 172.21.0.4:50083 as sim-badgeuse-badgeuse-67 (p2, c1, k60, u'toto').
1765613410: New connection from 172.21.0.4:49911 on port 1883.
1765613410: New connection from 172.21.0.4:34667 on port 1883.
1765613410: New connection from 172.21.0.4:33537 on port 1883.
1765613410: New client connected from 172.21.0.4:49911 as sim-badgeuse-badgeuse-65 (p2, c1, k60, u'toto').
1765613410: New client connected from 172.21.0.4:34667 as sim-porte-porte-64 (p2, c1, k60, u'toto').
1765613410: New client connected from 172.21.0.4:33537 as sim-porte-porte-36 (p2, c1, k60, u'toto').
1765613410: New connection from 172.21.0.4:48873 on port 1883.
1765613410: New client connected from 172.21.0.4:48873 as sim-badgeuse-badgeuse-63 (p2, c1, k60, u'toto').
1765613783: Client bridge-doors closed its connection.
1765613784: Client sim-badgeuse-badgeuse-63 closed its connection.
1765613784: Client sim-porte-porte-36 closed its connection.
1765613784: Client sim-badgeuse-badgeuse-65 closed its connection.
1765613784: Client sim-porte-porte-66 closed its connection.
1765613784: Client sim-badgeuse-badgeuse-67 closed its connection.
1765613784: Client sim-porte-porte-64 closed its connection.
1765613800: New connection from 172.21.0.10:52619 on port 1883.
1765613800: New client connected from 172.21.0.10:52619 as bridge-doors (p2, c1, k60, u'toto').
1765613844: New connection from 172.21.0.6:58019 on port 1883.
1765613844: New client connected from 172.21.0.6:58019 as sim-porte-porte-64 (p2, c1, k60, u'toto').
1765613844: New connection from 172.21.0.6:57947 on port 1883.
1765613844: New client connected from 172.21.0.6:57947 as sim-badgeuse-badgeuse-65 (p2, c1, k60, u'toto').
1765613844: New connection from 172.21.0.6:35707 on port 1883.
1765613844: New client connected from 172.21.0.6:35707 as sim-porte-porte-66 (p2, c1, k60, u'toto').
1765613844: New connection from 172.21.0.6:51729 on port 1883.
1765613844: New connection from 172.21.0.6:34171 on port 1883.
1765613844: New connection from 172.21.0.6:53057 on port 1883.
1765613844: New client connected from 172.21.0.6:51729 as sim-porte-porte-36 (p2, c1, k60, u'toto').
1765613844: New client connected from 172.21.0.6:34171 as sim-badgeuse-badgeuse-67 (p2, c1, k60, u'toto').
1765613844: New client connected from 172.21.0.6:53057 as sim-badgeuse-badgeuse-63 (p2, c1, k60, u'toto').
1765614061: Client <unknown> closed its connection.
1765614061: New client connected from ::ffff:172.21.0.1:35958 as mqttjs_1582d13d (p2, c1, k60, u'toto').
1765614131: Saving in-memory database to /mosquitto/data//mosquitto.db.
1765615932: Saving in-memory database to /mosquitto/data//mosquitto.db.
1765616606: Client sim-badgeuse-badgeuse-67 closed its connection.
1765616606: Client sim-porte-porte-36 closed its connection.
1765616606: Client sim-badgeuse-badgeuse-63 closed its connection.
1765616606: Client sim-porte-porte-66 closed its connection.
1765616606: Client sim-badgeuse-badgeuse-65 closed its connection.
1765616606: Client sim-porte-porte-64 closed its connection.
1765616606: Client bridge-doors closed its connection.
1765616624: New connection from 172.21.0.6:35871 on port 1883.
1765616624: New client connected from 172.21.0.6:35871 as bridge-doors (p2, c1, k60, u'toto').
1765616656: New connection from 172.21.0.10:47915 on port 1883.
1765616656: New connection from 172.21.0.10:52507 on port 1883.
1765616656: New client connected from 172.21.0.10:47915 as sim-porte-porte-64 (p2, c1, k60, u'toto').
1765616656: New client connected from 172.21.0.10:52507 as sim-badgeuse-badgeuse-65 (p2, c1, k60, u'toto').
1765616656: New connection from 172.21.0.10:38233 on port 1883.
1765616656: New connection from 172.21.0.10:39165 on port 1883.
1765616656: New client connected from 172.21.0.10:38233 as sim-porte-porte-66 (p2, c1, k60, u'toto').
1765616656: New client connected from 172.21.0.10:39165 as sim-badgeuse-badgeuse-67 (p2, c1, k60, u'toto').
1765616656: New connection from 172.21.0.10:52915 on port 1883.
1765616656: New client connected from 172.21.0.10:52915 as sim-porte-porte-36 (p2, c1, k60, u'toto').
1765616656: New connection from 172.21.0.10:36467 on port 1883.
1765616656: New client connected from 172.21.0.10:36467 as sim-badgeuse-badgeuse-63 (p2, c1, k60, u'toto').
1765616720: Client mqttjs_1582d13d closed its connection.
1765616721: Client <unknown> closed its connection.
1765616721: New client connected from ::ffff:172.21.0.1:43628 as mqttjs_c8111601 (p2, c1, k60, u'toto').
1765616726: Client mqttjs_c8111601 closed its connection.
1765616727: Client <unknown> closed its connection.
1765616727: New client connected from ::ffff:172.21.0.1:34918 as mqttjs_3e5b8edd (p2, c1, k60, u'toto').
1765616747: Client mqttjs_3e5b8edd closed its connection.
1765616748: Client <unknown> closed its connection.
1765616748: New client connected from ::ffff:172.21.0.1:36872 as mqttjs_6198c896 (p2, c1, k60, u'toto').
1765616750: Client mqttjs_6198c896 closed its connection.
1765616751: Client <unknown> closed its connection.
1765616751: New client connected from ::ffff:172.21.0.1:36890 as mqttjs_8bdb2837 (p2, c1, k60, u'toto').
1765616875: Client mqttjs_8bdb2837 closed its connection.
1765616876: Client <unknown> closed its connection.
1765616876: New client connected from ::ffff:172.21.0.1:48572 as mqttjs_8bb9296e (p2, c1, k60, u'toto').
1765616890: New connection from 172.21.0.10:35257 on port 1883.
1765616890: New client connected from 172.21.0.10:35257 as sim-porte-porte-68 (p2, c1, k60, u'toto').
1765616899: New connection from 172.21.0.10:44401 on port 1883.
1765616899: New client connected from 172.21.0.10:44401 as sim-badgeuse-badgeuse-69 (p2, c1, k60, u'toto').
1765617092: Client mqttjs_8bb9296e closed its connection.
1765617445: Client <unknown> closed its connection.
1765617582: New connection from 172.21.0.9:37928 on port 1883.
1765617582: New client connected from 172.21.0.9:37928 as auto-AF121D0E-641F-DA40-956E-9AA668119239 (p2, c1, k60, u'toto').
1765617642: New client connected from ::ffff:172.21.0.1:56880 as mqttx_a194f008 (p5, c1, k60, u'toto').
1765617644: Client mqttx_a194f008 closed its connection.
1765617654: New client connected from ::ffff:172.21.0.1:50422 as mqttx_a194f008 (p5, c1, k60, u'toto').
1765617661: Client auto-AF121D0E-641F-DA40-956E-9AA668119239 disconnected.
1765617679: Client mqttx_a194f008 closed its connection.
1765617724: New client connected from ::ffff:172.21.0.1:53800 as mqttx_a194f008 (p5, c1, k60, u'toto').
1765617733: Saving in-memory database to /mosquitto/data//mosquitto.db.
1765617746: Client mqttx_a194f008 closed its connection.
1765617828: New client connected from ::ffff:172.21.0.1:47698 as mqttx_a194f008 (p5, c1, k60, u'toto').
1765617870: Client mqttx_a194f008 closed its connection.
1765618187: Client <unknown> closed its connection.
1765618188: New client connected from ::ffff:172.21.0.1:59826 as mqttjs_087392e8 (p2, c1, k60, u'toto').
1765618268: New connection from 172.21.0.10:44643 on port 1883.
1765618268: New client connected from 172.21.0.10:44643 as sim-porte-porte-70 (p2, c1, k60, u'toto').
1765618272: New connection from 172.21.0.10:47883 on port 1883.
1765618272: New client connected from 172.21.0.10:47883 as sim-badgeuse-badgeuse-71 (p2, c1, k60, u'toto').
1765618490: Client sim-badgeuse-badgeuse-71 closed its connection.
1765618490: Client sim-porte-porte-70 closed its connection.
1765618490: Client sim-badgeuse-badgeuse-69 closed its connection.
1765618490: Client sim-porte-porte-68 closed its connection.
1765618490: Client sim-badgeuse-badgeuse-63 closed its connection.
1765618490: Client sim-badgeuse-badgeuse-67 closed its connection.
1765618490: Client sim-porte-porte-66 closed its connection.
1765618490: Client sim-porte-porte-36 closed its connection.
1765618490: Client sim-badgeuse-badgeuse-65 closed its connection.
1765618490: Client sim-porte-porte-64 closed its connection.
1765618537: New connection from 172.21.0.10:56925 on port 1883.
1765618537: New connection from 172.21.0.10:56555 on port 1883.
1765618537: New connection from 172.21.0.10:37283 on port 1883.
1765618537: New connection from 172.21.0.10:53253 on port 1883.
1765618537: New connection from 172.21.0.10:44993 on port 1883.
1765618537: New connection from 172.21.0.10:53685 on port 1883.
1765618537: New connection from 172.21.0.10:52521 on port 1883.
1765618538: New client connected from 172.21.0.10:56925 as sim-porte-porte-68 (p2, c1, k60, u'toto').
1765618538: New client connected from 172.21.0.10:56555 as sim-badgeuse-badgeuse-67 (p2, c1, k60, u'toto').
1765618538: New client connected from 172.21.0.10:37283 as sim-porte-porte-66 (p2, c1, k60, u'toto').
1765618538: New client connected from 172.21.0.10:53253 as sim-porte-porte-64 (p2, c1, k60, u'toto').
1765618538: New client connected from 172.21.0.10:44993 as sim-badgeuse-badgeuse-65 (p2, c1, k60, u'toto').
1765618538: New client connected from 172.21.0.10:53685 as sim-badgeuse-badgeuse-69 (p2, c1, k60, u'toto').
1765618538: New client connected from 172.21.0.10:52521 as sim-porte-porte-70 (p2, c1, k60, u'toto').
1765618538: New connection from 172.21.0.10:55755 on port 1883.
1765618538: New connection from 172.21.0.10:56109 on port 1883.
1765618538: New connection from 172.21.0.10:50613 on port 1883.
1765618538: New client connected from 172.21.0.10:55755 as sim-badgeuse-badgeuse-71 (p2, c1, k60, u'toto').
1765618538: New client connected from 172.21.0.10:56109 as sim-porte-porte-36 (p2, c1, k60, u'toto').
1765618538: New client connected from 172.21.0.10:50613 as sim-badgeuse-badgeuse-63 (p2, c1, k60, u'toto').
1765618666: Client sim-badgeuse-badgeuse-63 closed its connection.
1765618666: Client sim-porte-porte-36 closed its connection.
1765618666: Client sim-porte-porte-70 closed its connection.
1765618666: Client sim-badgeuse-badgeuse-71 closed its connection.
1765618666: Client sim-badgeuse-badgeuse-69 closed its connection.
1765618666: Client sim-porte-porte-64 closed its connection.
1765618666: Client sim-porte-porte-68 closed its connection.
1765618666: Client sim-badgeuse-badgeuse-65 closed its connection.
1765618666: Client sim-porte-porte-66 closed its connection.
1765618666: Client sim-badgeuse-badgeuse-67 closed its connection.
1765618710: New connection from 172.21.0.10:34279 on port 1883.
1765618710: New connection from 172.21.0.10:48193 on port 1883.
1765618710: New client connected from 172.21.0.10:34279 as sim-badgeuse-badgeuse-65 (p2, c1, k60, u'toto').
1765618710: New client connected from 172.21.0.10:48193 as sim-porte-porte-64 (p2, c1, k60, u'toto').
1765618710: New connection from 172.21.0.10:47011 on port 1883.
1765618710: New client connected from 172.21.0.10:47011 as sim-porte-porte-66 (p2, c1, k60, u'toto').
1765618710: New connection from 172.21.0.10:37127 on port 1883.
1765618710: New connection from 172.21.0.10:54325 on port 1883.
1765618710: New client connected from 172.21.0.10:37127 as sim-badgeuse-badgeuse-67 (p2, c1, k60, u'toto').
1765618710: New client connected from 172.21.0.10:54325 as sim-porte-porte-68 (p2, c1, k60, u'toto').
1765618710: New connection from 172.21.0.10:41271 on port 1883.
1765618710: New connection from 172.21.0.10:34097 on port 1883.
1765618710: New connection from 172.21.0.10:36419 on port 1883.
1765618710: New client connected from 172.21.0.10:41271 as sim-badgeuse-badgeuse-69 (p2, c1, k60, u'toto').
1765618710: New client connected from 172.21.0.10:34097 as sim-porte-porte-70 (p2, c1, k60, u'toto').
1765618710: New client connected from 172.21.0.10:36419 as sim-badgeuse-badgeuse-71 (p2, c1, k60, u'toto').
1765618710: New connection from 172.21.0.10:40427 on port 1883.
1765618710: New client connected from 172.21.0.10:40427 as sim-porte-porte-36 (p2, c1, k60, u'toto').
1765618710: New connection from 172.21.0.10:43905 on port 1883.
1765618710: New client connected from 172.21.0.10:43905 as sim-badgeuse-badgeuse-63 (p2, c1, k60, u'toto').
1765619443: Client sim-badgeuse-badgeuse-63 closed its connection.
1765619443: Client sim-porte-porte-36 closed its connection.
1765619443: Client sim-badgeuse-badgeuse-71 closed its connection.
1765619443: Client sim-porte-porte-70 closed its connection.
1765619443: Client sim-badgeuse-badgeuse-69 closed its connection.
1765619443: Client sim-porte-porte-68 closed its connection.
1765619443: Client sim-badgeuse-badgeuse-67 closed its connection.
1765619443: Client sim-porte-porte-66 closed its connection.
1765619443: Client sim-badgeuse-badgeuse-65 closed its connection.
1765619443: Client sim-porte-porte-64 closed its connection.
1765619445: Client bridge-doors closed its connection.
1765619464: New connection from 172.21.0.4:41461 on port 1883.
1765619464: New client connected from 172.21.0.4:41461 as bridge-doors (p2, c1, k60, u'toto').
1765619517: New connection from 172.21.0.6:57255 on port 1883.
1765619517: New client connected from 172.21.0.6:57255 as sim-badgeuse-badgeuse-65 (p2, c1, k60, u'toto').
1765619517: New connection from 172.21.0.6:52391 on port 1883.
1765619517: New client connected from 172.21.0.6:52391 as sim-badgeuse-badgeuse-67 (p2, c1, k60, u'toto').
1765619517: New connection from 172.21.0.6:48829 on port 1883.
1765619517: New connection from 172.21.0.6:39803 on port 1883.
1765619517: New connection from 172.21.0.6:39011 on port 1883.
1765619517: New connection from 172.21.0.6:46511 on port 1883.
1765619517: New connection from 172.21.0.6:41149 on port 1883.
1765619517: New connection from 172.21.0.6:39491 on port 1883.
1765619517: New connection from 172.21.0.6:37597 on port 1883.
1765619517: New connection from 172.21.0.6:35087 on port 1883.
1765619517: New client connected from 172.21.0.6:48829 as sim-porte-porte-68 (p2, c1, k60, u'toto').
1765619517: New client connected from 172.21.0.6:39803 as sim-badgeuse-badgeuse-69 (p2, c1, k60, u'toto').
1765619517: New client connected from 172.21.0.6:39011 as sim-badgeuse-badgeuse-71 (p2, c1, k60, u'toto').
1765619517: New client connected from 172.21.0.6:46511 as sim-porte-porte-36 (p2, c1, k60, u'toto').
1765619517: New client connected from 172.21.0.6:41149 as sim-porte-porte-64 (p2, c1, k60, u'toto').
1765619517: New client connected from 172.21.0.6:39491 as sim-porte-porte-66 (p2, c1, k60, u'toto').
1765619517: New client connected from 172.21.0.6:37597 as sim-porte-porte-70 (p2, c1, k60, u'toto').
1765619517: New client connected from 172.21.0.6:35087 as sim-badgeuse-badgeuse-63 (p2, c1, k60, u'toto').
1765619533: Saving in-memory database to /mosquitto/data//mosquitto.db.
1765619595: Client mqttjs_087392e8 closed its connection.
1765619708: mosquitto version 2.0.22 terminating
1765619708: Saving in-memory database to /mosquitto/data//mosquitto.db.
1765619764: mosquitto version 2.0.22 starting
1765619764: Config loaded from /mosquitto/config/mosquitto.conf.
1765619764: Warning: File /mosquitto/config/passwordfile has world readable permissions. Future versions will refuse to load this file.
To fix this, use `chmod 0700 /mosquitto/config/passwordfile`.
1765619764: Opening ipv4 listen socket on port 1883.
1765619764: Opening ipv6 listen socket on port 1883.
1765619764: Opening websockets listen socket on port 9001.
1765619764: mosquitto version 2.0.22 running
1765619769: New connection from 172.21.0.6:55865 on port 1883.
1765619769: New client connected from 172.21.0.6:55865 as bridge-doors (p2, c1, k60, u'toto').
1765619816: New connection from 172.21.0.9:34727 on port 1883.
1765619816: New client connected from 172.21.0.9:34727 as sim-badgeuse-badgeuse-65 (p2, c1, k60, u'toto').
1765619816: New connection from 172.21.0.9:49725 on port 1883.
1765619816: New client connected from 172.21.0.9:49725 as sim-badgeuse-badgeuse-67 (p2, c1, k60, u'toto').
1765619816: New connection from 172.21.0.9:58693 on port 1883.
1765619816: New client connected from 172.21.0.9:58693 as sim-badgeuse-badgeuse-69 (p2, c1, k60, u'toto').
1765619816: New connection from 172.21.0.9:33095 on port 1883.
1765619816: New connection from 172.21.0.9:44721 on port 1883.
1765619816: New connection from 172.21.0.9:43229 on port 1883.
1765619816: New connection from 172.21.0.9:45439 on port 1883.
1765619816: New connection from 172.21.0.9:58847 on port 1883.
1765619816: New connection from 172.21.0.9:35923 on port 1883.
1765619816: New client connected from 172.21.0.9:33095 as sim-badgeuse-badgeuse-71 (p2, c1, k60, u'toto').
1765619816: New client connected from 172.21.0.9:44721 as sim-porte-porte-68 (p2, c1, k60, u'toto').
1765619816: New client connected from 172.21.0.9:43229 as sim-porte-porte-36 (p2, c1, k60, u'toto').
1765619816: New client connected from 172.21.0.9:45439 as sim-porte-porte-64 (p2, c1, k60, u'toto').
1765619816: New client connected from 172.21.0.9:58847 as sim-porte-porte-66 (p2, c1, k60, u'toto').
1765619816: New client connected from 172.21.0.9:35923 as sim-porte-porte-70 (p2, c1, k60, u'toto').
1765619816: New connection from 172.21.0.9:54721 on port 1883.
1765619816: New client connected from 172.21.0.9:54721 as sim-badgeuse-badgeuse-63 (p2, c1, k60, u'toto').
1765619829: Client <unknown> closed its connection.
1765619829: New client connected from ::ffff:172.21.0.1:49004 as mqttjs_23e0f390 (p2, c1, k60, u'toto').
1765620541: Client mqttjs_23e0f390 closed its connection.
1765620647: Client bridge-doors closed its connection.
1765620647: Client sim-porte-porte-66 closed its connection.
1765620647: Client sim-porte-porte-70 closed its connection.
1765620647: Client sim-badgeuse-badgeuse-63 closed its connection.
1765620647: Client sim-porte-porte-64 closed its connection.
1765620647: Client sim-porte-porte-68 closed its connection.
1765620647: Client sim-porte-porte-36 closed its connection.
1765620647: Client sim-badgeuse-badgeuse-71 closed its connection.
1765620647: Client sim-badgeuse-badgeuse-69 closed its connection.
1765620647: Client sim-badgeuse-badgeuse-67 closed its connection.
1765620647: Client sim-badgeuse-badgeuse-65 closed its connection.
1765620661: New connection from 172.21.0.6:39239 on port 1883.
1765620661: New client connected from 172.21.0.6:39239 as bridge-doors (p2, c1, k60, u'toto').
1765620700: New connection from 172.21.0.8:59203 on port 1883.
1765620700: New connection from 172.21.0.8:45441 on port 1883.
1765620700: New connection from 172.21.0.8:51775 on port 1883.
1765620700: New connection from 172.21.0.8:42147 on port 1883.
1765620700: New connection from 172.21.0.8:49529 on port 1883.
1765620700: New connection from 172.21.0.8:49671 on port 1883.
1765620700: New connection from 172.21.0.8:40355 on port 1883.
1765620700: New connection from 172.21.0.8:38007 on port 1883.
1765620700: New connection from 172.21.0.8:52047 on port 1883.
1765620700: New connection from 172.21.0.8:36725 on port 1883.
1765620701: New client connected from 172.21.0.8:59203 as sim-badgeuse-badgeuse-65 (p2, c1, k60, u'toto').
1765620701: New client connected from 172.21.0.8:45441 as sim-badgeuse-badgeuse-69 (p2, c1, k60, u'toto').
1765620701: New client connected from 172.21.0.8:51775 as sim-badgeuse-badgeuse-67 (p2, c1, k60, u'toto').
1765620701: New client connected from 172.21.0.8:42147 as sim-badgeuse-badgeuse-71 (p2, c1, k60, u'toto').
1765620701: New client connected from 172.21.0.8:49529 as sim-porte-porte-64 (p2, c1, k60, u'toto').
1765620701: New client connected from 172.21.0.8:49671 as sim-porte-porte-36 (p2, c1, k60, u'toto').
1765620701: New client connected from 172.21.0.8:40355 as sim-porte-porte-68 (p2, c1, k60, u'toto').
1765620701: New client connected from 172.21.0.8:38007 as sim-porte-porte-66 (p2, c1, k60, u'toto').
1765620701: New client connected from 172.21.0.8:52047 as sim-badgeuse-badgeuse-63 (p2, c1, k60, u'toto').
1765620701: New client connected from 172.21.0.8:36725 as sim-porte-porte-70 (p2, c1, k60, u'toto').
1765620864: New client connected from ::ffff:172.21.0.1:34814 as mqttjs_23e0f390 (p2, c1, k60, u'toto').
1765621221: Client sim-badgeuse-badgeuse-63 closed its connection.
1765621221: Client sim-porte-porte-70 closed its connection.
1765621221: Client sim-porte-porte-66 closed its connection.
1765621221: Client sim-porte-porte-36 closed its connection.
1765621221: Client sim-porte-porte-64 closed its connection.
1765621221: Client sim-porte-porte-68 closed its connection.
1765621221: Client sim-badgeuse-badgeuse-71 closed its connection.
1765621221: Client sim-badgeuse-badgeuse-65 closed its connection.
1765621221: Client sim-badgeuse-badgeuse-67 closed its connection.
1765621221: Client sim-badgeuse-badgeuse-69 closed its connection.
1765621259: New connection from 172.21.0.8:36205 on port 1883.
1765621259: New connection from 172.21.0.8:59105 on port 1883.
1765621259: New client connected from 172.21.0.8:36205 as sim-badgeuse-badgeuse-65 (p2, c1, k60, u'toto').
1765621259: New client connected from 172.21.0.8:59105 as sim-badgeuse-badgeuse-67 (p2, c1, k60, u'toto').
1765621259: New connection from 172.21.0.8:47667 on port 1883.
1765621259: New client connected from 172.21.0.8:47667 as sim-badgeuse-badgeuse-69 (p2, c1, k60, u'toto').
1765621259: New connection from 172.21.0.8:32873 on port 1883.
1765621259: New connection from 172.21.0.8:42961 on port 1883.
1765621259: New connection from 172.21.0.8:44949 on port 1883.
1765621259: New client connected from 172.21.0.8:32873 as sim-badgeuse-badgeuse-71 (p2, c1, k60, u'toto').
1765621259: New client connected from 172.21.0.8:44949 as sim-porte-porte-36 (p2, c1, k60, u'toto').
1765621259: New client connected from 172.21.0.8:42961 as sim-porte-porte-68 (p2, c1, k60, u'toto').
1765621259: New connection from 172.21.0.8:40077 on port 1883.
1765621259: New connection from 172.21.0.8:56051 on port 1883.
1765621259: New connection from 172.21.0.8:38627 on port 1883.
1765621259: New connection from 172.21.0.8:50379 on port 1883.
1765621259: New client connected from 172.21.0.8:40077 as sim-porte-porte-64 (p2, c1, k60, u'toto').
1765621259: New client connected from 172.21.0.8:56051 as sim-porte-porte-70 (p2, c1, k60, u'toto').
1765621259: New client connected from 172.21.0.8:38627 as sim-porte-porte-66 (p2, c1, k60, u'toto').
1765621259: New client connected from 172.21.0.8:50379 as sim-badgeuse-badgeuse-63 (p2, c1, k60, u'toto').
1765621264: Client mqttjs_23e0f390 closed its connection.
1765621358: New client connected from ::ffff:172.21.0.1:55354 as mqttjs_23e0f390 (p2, c1, k60, u'toto').
1765621565: Saving in-memory database to /mosquitto/data//mosquitto.db.
1765621767: Client mqttjs_23e0f390 closed its connection.
1765623366: Saving in-memory database to /mosquitto/data//mosquitto.db.
1765625167: Saving in-memory database to /mosquitto/data//mosquitto.db.
1765626968: Saving in-memory database to /mosquitto/data//mosquitto.db.
1765628769: Saving in-memory database to /mosquitto/data//mosquitto.db.
1765630570: Saving in-memory database to /mosquitto/data//mosquitto.db.
1765632370: Saving in-memory database to /mosquitto/data//mosquitto.db.
1765634171: Saving in-memory database to /mosquitto/data//mosquitto.db.
1765635972: Saving in-memory database to /mosquitto/data//mosquitto.db.
1765637773: Saving in-memory database to /mosquitto/data//mosquitto.db.
1765639105: Client bridge-doors closed its connection.
1765639105: Client sim-badgeuse-badgeuse-63 closed its connection.
1765639105: Client sim-porte-porte-70 closed its connection.
1765639105: Client sim-porte-porte-66 closed its connection.
1765639105: Client sim-porte-porte-36 closed its connection.
1765639105: Client sim-porte-porte-64 closed its connection.
1765639105: Client sim-porte-porte-68 closed its connection.
1765639105: Client sim-badgeuse-badgeuse-71 closed its connection.
1765639105: Client sim-badgeuse-badgeuse-69 closed its connection.
1765639105: Client sim-badgeuse-badgeuse-67 closed its connection.
1765639105: Client sim-badgeuse-badgeuse-65 closed its connection.
1765639127: New connection from 172.21.0.11:49539 on port 1883.
1765639127: New client connected from 172.21.0.11:49539 as bridge-doors (p2, c1, k60, u'toto').
1765639184: New connection from 172.21.0.8:44531 on port 1883.
1765639184: New connection from 172.21.0.8:49595 on port 1883.
1765639184: New connection from 172.21.0.8:44427 on port 1883.
1765639184: New client connected from 172.21.0.8:44531 as sim-badgeuse-badgeuse-65 (p2, c1, k60, u'toto').
1765639184: New client connected from 172.21.0.8:49595 as sim-badgeuse-badgeuse-67 (p2, c1, k60, u'toto').
1765639184: New client connected from 172.21.0.8:44427 as sim-badgeuse-badgeuse-69 (p2, c1, k60, u'toto').
1765639184: New connection from 172.21.0.8:44315 on port 1883.
1765639184: New client connected from 172.21.0.8:44315 as sim-badgeuse-badgeuse-71 (p2, c1, k60, u'toto').
1765639184: New connection from 172.21.0.8:49699 on port 1883.
1765639184: New client connected from 172.21.0.8:49699 as sim-porte-porte-68 (p2, c1, k60, u'toto').
1765639184: New connection from 172.21.0.8:60117 on port 1883.
1765639184: New connection from 172.21.0.8:60889 on port 1883.
1765639184: New connection from 172.21.0.8:56067 on port 1883.
1765639184: New client connected from 172.21.0.8:60117 as sim-porte-porte-66 (p2, c1, k60, u'toto').
1765639184: New client connected from 172.21.0.8:60889 as sim-porte-porte-64 (p2, c1, k60, u'toto').
1765639184: New client connected from 172.21.0.8:56067 as sim-porte-porte-36 (p2, c1, k60, u'toto').
1765639184: New connection from 172.21.0.8:53969 on port 1883.
1765639184: New client connected from 172.21.0.8:53969 as sim-porte-porte-70 (p2, c1, k60, u'toto').
1765639184: New connection from 172.21.0.8:46987 on port 1883.
1765639184: New client connected from 172.21.0.8:46987 as sim-badgeuse-badgeuse-63 (p2, c1, k60, u'toto').
1765639574: Saving in-memory database to /mosquitto/data//mosquitto.db.
1765640002: Client bridge-doors closed its connection.
1765640002: Client sim-porte-porte-70 closed its connection.
1765640002: Client sim-badgeuse-badgeuse-63 closed its connection.
1765640002: Client sim-porte-porte-64 closed its connection.
1765640002: Client sim-porte-porte-36 closed its connection.
1765640002: Client sim-porte-porte-66 closed its connection.
1765640002: Client sim-porte-porte-68 closed its connection.
1765640002: Client sim-badgeuse-badgeuse-71 closed its connection.
1765640002: Client sim-badgeuse-badgeuse-69 closed its connection.
1765640002: Client sim-badgeuse-badgeuse-67 closed its connection.
1765640002: Client sim-badgeuse-badgeuse-65 closed its connection.
1765640021: New connection from 172.21.0.11:39139 on port 1883.
1765640021: New client connected from 172.21.0.11:39139 as bridge-doors (p2, c1, k60, u'toto').
1765640079: New connection from 172.21.0.6:42175 on port 1883.
1765640079: New connection from 172.21.0.6:39745 on port 1883.
1765640079: New connection from 172.21.0.6:58927 on port 1883.
1765640079: New connection from 172.21.0.6:44389 on port 1883.
1765640079: New client connected from 172.21.0.6:42175 as sim-badgeuse-badgeuse-67 (p2, c1, k60, u'toto').
1765640079: New client connected from 172.21.0.6:39745 as sim-badgeuse-badgeuse-65 (p2, c1, k60, u'toto').
1765640079: New client connected from 172.21.0.6:58927 as sim-badgeuse-badgeuse-69 (p2, c1, k60, u'toto').
1765640079: New client connected from 172.21.0.6:44389 as sim-badgeuse-badgeuse-71 (p2, c1, k60, u'toto').
1765640079: New connection from 172.21.0.6:56743 on port 1883.
1765640079: New connection from 172.21.0.6:53631 on port 1883.
1765640079: New connection from 172.21.0.6:43393 on port 1883.
1765640079: New connection from 172.21.0.6:46189 on port 1883.
1765640079: New connection from 172.21.0.6:34157 on port 1883.
1765640079: New client connected from 172.21.0.6:56743 as sim-porte-porte-68 (p2, c1, k60, u'toto').
1765640079: New client connected from 172.21.0.6:53631 as sim-porte-porte-36 (p2, c1, k60, u'toto').
1765640079: New client connected from 172.21.0.6:43393 as sim-porte-porte-64 (p2, c1, k60, u'toto').
1765640079: New client connected from 172.21.0.6:46189 as sim-porte-porte-66 (p2, c1, k60, u'toto').
1765640079: New client connected from 172.21.0.6:34157 as sim-badgeuse-badgeuse-63 (p2, c1, k60, u'toto').
1765640079: New connection from 172.21.0.6:44077 on port 1883.
1765640079: New client connected from 172.21.0.6:44077 as sim-porte-porte-70 (p2, c1, k60, u'toto').
1765641092: Client sim-porte-porte-70 closed its connection.
1765641092: Client sim-badgeuse-badgeuse-63 closed its connection.
1765641092: Client sim-porte-porte-66 closed its connection.
1765641092: Client sim-porte-porte-36 closed its connection.
1765641092: Client sim-porte-porte-64 closed its connection.
1765641092: Client sim-porte-porte-68 closed its connection.
1765641092: Client sim-badgeuse-badgeuse-71 closed its connection.
1765641092: Client sim-badgeuse-badgeuse-69 closed its connection.
1765641092: Client sim-badgeuse-badgeuse-67 closed its connection.
1765641092: Client sim-badgeuse-badgeuse-65 closed its connection.
1765641092: Client bridge-doors closed its connection.
1765641111: New connection from 172.21.0.8:42147 on port 1883.
1765641111: New client connected from 172.21.0.8:42147 as bridge-doors (p2, c1, k60, u'toto').
1765641205: New connection from 172.21.0.6:39959 on port 1883.
1765641205: New client connected from 172.21.0.6:39959 as sim-badgeuse-badgeuse-65 (p2, c1, k60, u'toto').
1765641205: New connection from 172.21.0.6:38381 on port 1883.
1765641205: New client connected from 172.21.0.6:38381 as sim-badgeuse-badgeuse-67 (p2, c1, k60, u'toto').
1765641205: New connection from 172.21.0.6:37485 on port 1883.
1765641205: New connection from 172.21.0.6:39677 on port 1883.
1765641205: New client connected from 172.21.0.6:39677 as sim-badgeuse-badgeuse-71 (p2, c1, k60, u'toto').
1765641205: New client connected from 172.21.0.6:37485 as sim-badgeuse-badgeuse-69 (p2, c1, k60, u'toto').
1765641205: New connection from 172.21.0.6:45411 on port 1883.
1765641205: New connection from 172.21.0.6:42843 on port 1883.
1765641205: New connection from 172.21.0.6:33275 on port 1883.
1765641205: New connection from 172.21.0.6:37943 on port 1883.
1765641205: New connection from 172.21.0.6:56763 on port 1883.
1765641205: New connection from 172.21.0.6:43309 on port 1883.
1765641205: New client connected from 172.21.0.6:45411 as sim-porte-porte-68 (p2, c1, k60, u'toto').
1765641205: New client connected from 172.21.0.6:42843 as sim-porte-porte-64 (p2, c1, k60, u'toto').
1765641205: New client connected from 172.21.0.6:33275 as sim-porte-porte-70 (p2, c1, k60, u'toto').
1765641205: New client connected from 172.21.0.6:37943 as sim-badgeuse-badgeuse-63 (p2, c1, k60, u'toto').
1765641205: New client connected from 172.21.0.6:56763 as sim-porte-porte-66 (p2, c1, k60, u'toto').
1765641205: New client connected from 172.21.0.6:43309 as sim-porte-porte-36 (p2, c1, k60, u'toto').
1765641375: Saving in-memory database to /mosquitto/data//mosquitto.db.
1765642153: mosquitto version 2.0.22 terminating
1765642153: Saving in-memory database to /mosquitto/data//mosquitto.db.
1765642358: mosquitto version 2.0.22 starting
1765642358: Config loaded from /mosquitto/config/mosquitto.conf.
1765642358: Warning: File /mosquitto/config/passwordfile has world readable permissions. Future versions will refuse to load this file.
To fix this, use `chmod 0700 /mosquitto/config/passwordfile`.
1765642358: Opening ipv4 listen socket on port 1883.
1765642358: Opening ipv6 listen socket on port 1883.
1765642358: Opening websockets listen socket on port 9001.
1765642358: mosquitto version 2.0.22 running
1765642365: New connection from 172.21.0.8:59017 on port 1883.
1765642365: New client connected from 172.21.0.8:59017 as bridge-doors (p2, c1, k60, u'toto').
1765642450: New connection from 172.21.0.3:56953 on port 1883.
1765642450: New client connected from 172.21.0.3:56953 as sim-badgeuse-badgeuse-65 (p2, c1, k60, u'toto').
1765642450: New connection from 172.21.0.3:54735 on port 1883.
1765642450: New client connected from 172.21.0.3:54735 as sim-badgeuse-badgeuse-67 (p2, c1, k60, u'toto').
1765642450: New connection from 172.21.0.3:42909 on port 1883.
1765642450: New connection from 172.21.0.3:44021 on port 1883.
1765642450: New client connected from 172.21.0.3:42909 as sim-badgeuse-badgeuse-69 (p2, c1, k60, u'toto').
1765642450: New client connected from 172.21.0.3:44021 as sim-badgeuse-badgeuse-71 (p2, c1, k60, u'toto').
1765642450: New connection from 172.21.0.3:54125 on port 1883.
1765642450: New connection from 172.21.0.3:33907 on port 1883.
1765642450: New connection from 172.21.0.3:39453 on port 1883.
1765642450: New connection from 172.21.0.3:39539 on port 1883.
1765642450: New client connected from 172.21.0.3:54125 as sim-porte-porte-36 (p2, c1, k60, u'toto').
1765642450: New client connected from 172.21.0.3:33907 as sim-porte-porte-68 (p2, c1, k60, u'toto').
1765642450: New client connected from 172.21.0.3:39453 as sim-porte-porte-66 (p2, c1, k60, u'toto').
1765642450: New client connected from 172.21.0.3:39539 as sim-porte-porte-64 (p2, c1, k60, u'toto').
1765642450: New connection from 172.21.0.3:56971 on port 1883.
1765642450: New connection from 172.21.0.3:48857 on port 1883.
1765642450: New client connected from 172.21.0.3:56971 as sim-badgeuse-badgeuse-63 (p2, c1, k60, u'toto').
1765642450: New client connected from 172.21.0.3:48857 as sim-porte-porte-70 (p2, c1, k60, u'toto').
1765642782: Client bridge-doors closed its connection.
1765642782: Client sim-badgeuse-badgeuse-63 closed its connection.
1765642782: Client sim-porte-porte-64 closed its connection.
1765642782: Client sim-porte-porte-66 closed its connection.
1765642782: Client sim-porte-porte-70 closed its connection.
1765642782: Client sim-porte-porte-36 closed its connection.
1765642782: Client sim-porte-porte-68 closed its connection.
1765642782: Client sim-badgeuse-badgeuse-71 closed its connection.
1765642782: Client sim-badgeuse-badgeuse-69 closed its connection.
1765642782: Client sim-badgeuse-badgeuse-67 closed its connection.
1765642782: Client sim-badgeuse-badgeuse-65 closed its connection.
1765642798: New connection from 172.21.0.4:38683 on port 1883.
1765642798: New client connected from 172.21.0.4:38683 as bridge-doors (p2, c1, k60, u'toto').
1765642851: New connection from 172.21.0.6:46011 on port 1883.
1765642851: New connection from 172.21.0.6:52369 on port 1883.
1765642851: New client connected from 172.21.0.6:46011 as sim-badgeuse-badgeuse-65 (p2, c1, k60, u'toto').
1765642851: New client connected from 172.21.0.6:52369 as sim-badgeuse-badgeuse-69 (p2, c1, k60, u'toto').
1765642851: New connection from 172.21.0.6:57717 on port 1883.
1765642851: New connection from 172.21.0.6:60435 on port 1883.
1765642851: New client connected from 172.21.0.6:57717 as sim-badgeuse-badgeuse-67 (p2, c1, k60, u'toto').
1765642851: New client connected from 172.21.0.6:60435 as sim-porte-porte-68 (p2, c1, k60, u'toto').
1765642851: New connection from 172.21.0.6:50277 on port 1883.
1765642851: New client connected from 172.21.0.6:50277 as sim-badgeuse-badgeuse-71 (p2, c1, k60, u'toto').
1765642851: New connection from 172.21.0.6:38345 on port 1883.
1765642851: New client connected from 172.21.0.6:38345 as sim-porte-porte-36 (p2, c1, k60, u'toto').
1765642851: New connection from 172.21.0.6:47365 on port 1883.
1765642851: New client connected from 172.21.0.6:47365 as sim-porte-porte-64 (p2, c1, k60, u'toto').
1765642851: New connection from 172.21.0.6:58251 on port 1883.
1765642851: New client connected from 172.21.0.6:58251 as sim-porte-porte-66 (p2, c1, k60, u'toto').
1765642851: New connection from 172.21.0.6:38287 on port 1883.
1765642851: New client connected from 172.21.0.6:38287 as sim-porte-porte-70 (p2, c1, k60, u'toto').
1765642851: New connection from 172.21.0.6:43301 on port 1883.
1765642851: New client connected from 172.21.0.6:43301 as sim-badgeuse-badgeuse-63 (p2, c1, k60, u'toto').
1765643501: Client sim-badgeuse-badgeuse-63 closed its connection.
1765643501: Client sim-porte-porte-66 closed its connection.
1765643501: Client sim-porte-porte-70 closed its connection.
1765643501: Client sim-porte-porte-64 closed its connection.
1765643501: Client sim-porte-porte-36 closed its connection.
1765643501: Client sim-porte-porte-68 closed its connection.
1765643501: Client sim-badgeuse-badgeuse-71 closed its connection.
1765643501: Client sim-badgeuse-badgeuse-65 closed its connection.
1765643501: Client sim-badgeuse-badgeuse-67 closed its connection.
1765643501: Client sim-badgeuse-badgeuse-69 closed its connection.
1765643576: New connection from 172.21.0.6:38773 on port 1883.
1765643576: New connection from 172.21.0.6:40343 on port 1883.
1765643576: New connection from 172.21.0.6:38311 on port 1883.
1765643576: New connection from 172.21.0.6:46451 on port 1883.
1765643576: New connection from 172.21.0.6:34675 on port 1883.
1765643576: New connection from 172.21.0.6:48049 on port 1883.
1765643576: New connection from 172.21.0.6:48837 on port 1883.
1765643576: New connection from 172.21.0.6:39075 on port 1883.
1765643576: New connection from 172.21.0.6:49927 on port 1883.
1765643576: New connection from 172.21.0.6:58923 on port 1883.
1765643576: New client connected from 172.21.0.6:38773 as sim-badgeuse-badgeuse-65 (p2, c1, k60, u'toto').
1765643576: New client connected from 172.21.0.6:40343 as sim-badgeuse-badgeuse-71 (p2, c1, k60, u'toto').
1765643576: New client connected from 172.21.0.6:38311 as sim-badgeuse-badgeuse-67 (p2, c1, k60, u'toto').
1765643576: New client connected from 172.21.0.6:46451 as sim-porte-porte-36 (p2, c1, k60, u'toto').
1765643576: New client connected from 172.21.0.6:34675 as sim-porte-porte-68 (p2, c1, k60, u'toto').
1765643576: New client connected from 172.21.0.6:48049 as sim-porte-porte-66 (p2, c1, k60, u'toto').
1765643576: New client connected from 172.21.0.6:48837 as sim-badgeuse-badgeuse-69 (p2, c1, k60, u'toto').
1765643576: New client connected from 172.21.0.6:39075 as sim-porte-porte-64 (p2, c1, k60, u'toto').
1765643576: New client connected from 172.21.0.6:49927 as sim-badgeuse-badgeuse-63 (p2, c1, k60, u'toto').
1765643576: New client connected from 172.21.0.6:58923 as sim-porte-porte-70 (p2, c1, k60, u'toto').
1765643631: Client sim-badgeuse-badgeuse-63 closed its connection.
1765643631: Client sim-porte-porte-70 closed its connection.
1765643631: Client sim-porte-porte-64 closed its connection.
1765643631: Client sim-porte-porte-36 closed its connection.
1765643631: Client sim-porte-porte-68 closed its connection.
1765643631: Client sim-porte-porte-66 closed its connection.
1765643631: Client sim-badgeuse-badgeuse-71 closed its connection.
1765643631: Client sim-badgeuse-badgeuse-69 closed its connection.
1765643631: Client sim-badgeuse-badgeuse-67 closed its connection.
1765643631: Client sim-badgeuse-badgeuse-65 closed its connection.
1765643673: New connection from 172.21.0.6:39247 on port 1883.
1765643673: New client connected from 172.21.0.6:39247 as sim-badgeuse-badgeuse-65 (p2, c1, k60, u'toto').
1765643673: New connection from 172.21.0.6:59433 on port 1883.
1765643673: New connection from 172.21.0.6:36391 on port 1883.
1765643673: New connection from 172.21.0.6:44985 on port 1883.
1765643673: New connection from 172.21.0.6:46513 on port 1883.
1765643673: New connection from 172.21.0.6:36325 on port 1883.
1765643673: New connection from 172.21.0.6:44021 on port 1883.
1765643673: New connection from 172.21.0.6:57705 on port 1883.
1765643673: New connection from 172.21.0.6:42061 on port 1883.
1765643673: New connection from 172.21.0.6:60045 on port 1883.
1765643673: New client connected from 172.21.0.6:59433 as sim-badgeuse-badgeuse-67 (p2, c1, k60, u'toto').
1765643673: New client connected from 172.21.0.6:36391 as sim-porte-porte-68 (p2, c1, k60, u'toto').
1765643673: New client connected from 172.21.0.6:44985 as sim-badgeuse-badgeuse-71 (p2, c1, k60, u'toto').
1765643673: New client connected from 172.21.0.6:46513 as sim-badgeuse-badgeuse-69 (p2, c1, k60, u'toto').
1765643673: New client connected from 172.21.0.6:36325 as sim-porte-porte-36 (p2, c1, k60, u'toto').
1765643673: New client connected from 172.21.0.6:44021 as sim-porte-porte-64 (p2, c1, k60, u'toto').
1765643673: New client connected from 172.21.0.6:57705 as sim-porte-porte-66 (p2, c1, k60, u'toto').
1765643673: New client connected from 172.21.0.6:42061 as sim-badgeuse-badgeuse-63 (p2, c1, k60, u'toto').
1765643673: New client connected from 172.21.0.6:60045 as sim-porte-porte-70 (p2, c1, k60, u'toto').
1765644159: Saving in-memory database to /mosquitto/data//mosquitto.db.
1765645960: Saving in-memory database to /mosquitto/data//mosquitto.db.
1765646652: Client bridge-doors closed its connection.
1765646652: Client sim-badgeuse-badgeuse-63 closed its connection.
1765646652: Client sim-porte-porte-70 closed its connection.
1765646652: Client sim-porte-porte-66 closed its connection.
1765646652: Client sim-porte-porte-64 closed its connection.
1765646652: Client sim-porte-porte-36 closed its connection.
1765646652: Client sim-porte-porte-68 closed its connection.
1765646652: Client sim-badgeuse-badgeuse-71 closed its connection.
1765646652: Client sim-badgeuse-badgeuse-67 closed its connection.
1765646652: Client sim-badgeuse-badgeuse-69 closed its connection.
1765646652: Client sim-badgeuse-badgeuse-65 closed its connection.
1765646678: New connection from 172.21.0.7:59839 on port 1883.
1765646678: New client connected from 172.21.0.7:59839 as bridge-doors (p2, c1, k60, u'toto').
1765646726: New connection from 172.21.0.3:45799 on port 1883.
1765646726: New connection from 172.21.0.3:35833 on port 1883.
1765646726: New client connected from 172.21.0.3:35833 as sim-badgeuse-badgeuse-65 (p2, c1, k60, u'toto').
1765646726: New connection from 172.21.0.3:41553 on port 1883.
1765646726: New client connected from 172.21.0.3:41553 as sim-porte-porte-68 (p2, c1, k60, u'toto').
1765646726: New client connected from 172.21.0.3:45799 as sim-badgeuse-badgeuse-67 (p2, c1, k60, u'toto').
1765646726: New connection from 172.21.0.3:36461 on port 1883.
1765646726: New connection from 172.21.0.3:60929 on port 1883.
1765646726: New client connected from 172.21.0.3:36461 as sim-badgeuse-badgeuse-71 (p2, c1, k60, u'toto').
1765646726: New client connected from 172.21.0.3:60929 as sim-badgeuse-badgeuse-69 (p2, c1, k60, u'toto').
1765646726: New connection from 172.21.0.3:43665 on port 1883.
1765646726: New connection from 172.21.0.3:34079 on port 1883.
1765646726: New client connected from 172.21.0.3:43665 as sim-porte-porte-36 (p2, c1, k60, u'toto').
1765646726: New client connected from 172.21.0.3:34079 as sim-porte-porte-64 (p2, c1, k60, u'toto').
1765646726: New connection from 172.21.0.3:45857 on port 1883.
1765646726: New connection from 172.21.0.3:42397 on port 1883.
1765646727: New client connected from 172.21.0.3:42397 as sim-porte-porte-70 (p2, c1, k60, u'toto').
1765646727: New connection from 172.21.0.3:50509 on port 1883.
1765646727: New client connected from 172.21.0.3:45857 as sim-porte-porte-66 (p2, c1, k60, u'toto').
1765646727: New client connected from 172.21.0.3:50509 as sim-badgeuse-badgeuse-63 (p2, c1, k60, u'toto').
1765647761: Saving in-memory database to /mosquitto/data//mosquitto.db.
1765649561: Saving in-memory database to /mosquitto/data//mosquitto.db.
1765651362: Saving in-memory database to /mosquitto/data//mosquitto.db.
1765652726: Client sim-badgeuse-badgeuse-63 closed its connection.
1765652726: Client sim-porte-porte-70 closed its connection.
1765652726: Client sim-porte-porte-66 closed its connection.
1765652726: Client sim-porte-porte-64 closed its connection.
1765652726: Client sim-porte-porte-36 closed its connection.
1765652726: Client sim-badgeuse-badgeuse-69 closed its connection.
1765652726: Client sim-porte-porte-68 closed its connection.
1765652726: Client sim-badgeuse-badgeuse-71 closed its connection.
1765652726: Client sim-badgeuse-badgeuse-67 closed its connection.
1765652726: Client sim-badgeuse-badgeuse-65 closed its connection.
1765652726: Client bridge-doors closed its connection.
1765652753: New connection from 172.21.0.8:50673 on port 1883.
1765652753: New client connected from 172.21.0.8:50673 as bridge-doors (p2, c1, k60, u'toto').
1765652835: New connection from 172.21.0.7:53367 on port 1883.
1765652835: New connection from 172.21.0.7:40831 on port 1883.
1765652835: New connection from 172.21.0.7:45509 on port 1883.
1765652835: New connection from 172.21.0.7:39825 on port 1883.
1765652835: New client connected from 172.21.0.7:53367 as sim-badgeuse-badgeuse-65 (p2, c1, k60, u'toto').
1765652835: New client connected from 172.21.0.7:40831 as sim-badgeuse-badgeuse-67 (p2, c1, k60, u'toto').
1765652835: New client connected from 172.21.0.7:45509 as sim-badgeuse-badgeuse-69 (p2, c1, k60, u'toto').
1765652835: New client connected from 172.21.0.7:39825 as sim-badgeuse-badgeuse-71 (p2, c1, k60, u'toto').
1765652835: New connection from 172.21.0.7:37169 on port 1883.
1765652835: New client connected from 172.21.0.7:37169 as sim-porte-porte-68 (p2, c1, k60, u'toto').
1765652835: New connection from 172.21.0.7:49789 on port 1883.
1765652835: New connection from 172.21.0.7:53709 on port 1883.
1765652835: New client connected from 172.21.0.7:49789 as sim-porte-porte-36 (p2, c1, k60, u'toto').
1765652835: New client connected from 172.21.0.7:53709 as sim-porte-porte-64 (p2, c1, k60, u'toto').
1765652835: New connection from 172.21.0.7:53947 on port 1883.
1765652835: New connection from 172.21.0.7:50499 on port 1883.
1765652835: New connection from 172.21.0.7:54257 on port 1883.
1765652835: New client connected from 172.21.0.7:53947 as sim-porte-porte-66 (p2, c1, k60, u'toto').
1765652835: New client connected from 172.21.0.7:50499 as sim-porte-porte-70 (p2, c1, k60, u'toto').
1765652835: New client connected from 172.21.0.7:54257 as sim-badgeuse-badgeuse-63 (p2, c1, k60, u'toto').
1765653115: Client sim-badgeuse-badgeuse-63 closed its connection.
1765653115: Client sim-porte-porte-70 closed its connection.
1765653115: Client sim-porte-porte-64 closed its connection.
1765653115: Client sim-porte-porte-66 closed its connection.
1765653115: Client sim-porte-porte-36 closed its connection.
1765653115: Client sim-porte-porte-68 closed its connection.
1765653115: Client sim-badgeuse-badgeuse-71 closed its connection.
1765653115: Client sim-badgeuse-badgeuse-69 closed its connection.
1765653115: Client sim-badgeuse-badgeuse-67 closed its connection.
1765653115: Client sim-badgeuse-badgeuse-65 closed its connection.
1765653115: Client bridge-doors closed its connection.
1765653144: New connection from 172.21.0.8:38087 on port 1883.
1765653144: New client connected from 172.21.0.8:38087 as bridge-doors (p2, c1, k60, u'toto').
1765653163: Saving in-memory database to /mosquitto/data//mosquitto.db.
1765653218: New connection from 172.21.0.6:44665 on port 1883.
1765653218: New connection from 172.21.0.6:46539 on port 1883.
1765653218: New connection from 172.21.0.6:59185 on port 1883.
1765653218: New client connected from 172.21.0.6:44665 as sim-badgeuse-badgeuse-67 (p2, c1, k60, u'toto').
1765653218: New client connected from 172.21.0.6:46539 as sim-badgeuse-badgeuse-69 (p2, c1, k60, u'toto').
1765653218: New client connected from 172.21.0.6:59185 as sim-badgeuse-badgeuse-65 (p2, c1, k60, u'toto').
1765653218: New connection from 172.21.0.6:47929 on port 1883.
1765653218: New client connected from 172.21.0.6:47929 as sim-badgeuse-badgeuse-71 (p2, c1, k60, u'toto').
1765653218: New connection from 172.21.0.6:59201 on port 1883.
1765653218: New client connected from 172.21.0.6:59201 as sim-porte-porte-68 (p2, c1, k60, u'toto').
1765653218: New connection from 172.21.0.6:51679 on port 1883.
1765653218: New connection from 172.21.0.6:40107 on port 1883.
1765653218: New client connected from 172.21.0.6:51679 as sim-porte-porte-36 (p2, c1, k60, u'toto').
1765653218: New client connected from 172.21.0.6:40107 as sim-porte-porte-64 (p2, c1, k60, u'toto').
1765653218: New connection from 172.21.0.6:42297 on port 1883.
1765653218: New client connected from 172.21.0.6:42297 as sim-porte-porte-66 (p2, c1, k60, u'toto').
1765653218: New connection from 172.21.0.6:33147 on port 1883.
1765653218: New client connected from 172.21.0.6:33147 as sim-porte-porte-70 (p2, c1, k60, u'toto').
1765653218: New connection from 172.21.0.6:49445 on port 1883.
1765653218: New client connected from 172.21.0.6:49445 as sim-badgeuse-badgeuse-63 (p2, c1, k60, u'toto').
1765653274: Client <unknown> closed its connection.
1765653274: New client connected from ::ffff:172.21.0.1:33264 as mqttjs_99f934b0 (p2, c1, k60, u'toto').
1765653473: New connection from 172.21.0.6:53643 on port 1883.
1765653473: New client connected from 172.21.0.6:53643 as sim-porte-porte-72 (p2, c1, k60, u'toto').
1765653476: New connection from 172.21.0.6:60857 on port 1883.
1765653476: New client connected from 172.21.0.6:60857 as sim-badgeuse-badgeuse-73 (p2, c1, k60, u'toto').
1765654400: Client sim-badgeuse-badgeuse-73 closed its connection.
1765654400: Client sim-porte-porte-72 closed its connection.
1765654400: Client sim-badgeuse-badgeuse-63 closed its connection.
1765654400: Client sim-porte-porte-70 closed its connection.
1765654400: Client sim-porte-porte-66 closed its connection.
1765654400: Client sim-porte-porte-64 closed its connection.
1765654400: Client sim-porte-porte-36 closed its connection.
1765654400: Client sim-porte-porte-68 closed its connection.
1765654400: Client sim-badgeuse-badgeuse-71 closed its connection.
1765654400: Client sim-badgeuse-badgeuse-65 closed its connection.
1765654400: Client sim-badgeuse-badgeuse-67 closed its connection.
1765654400: Client sim-badgeuse-badgeuse-69 closed its connection.
1765654400: Client bridge-doors closed its connection.
1765654419: Client mqttjs_99f934b0 closed its connection.
1765654427: New connection from 172.21.0.6:56023 on port 1883.
1765654427: New client connected from 172.21.0.6:56023 as bridge-doors (p2, c1, k60, u'toto').
1765654478: New connection from 172.21.0.8:41671 on port 1883.
1765654478: New client connected from 172.21.0.8:41671 as sim-badgeuse-badgeuse-65 (p2, c1, k60, u'toto').
1765654478: New connection from 172.21.0.8:48551 on port 1883.
1765654478: New connection from 172.21.0.8:34675 on port 1883.
1765654478: New client connected from 172.21.0.8:48551 as sim-badgeuse-badgeuse-67 (p2, c1, k60, u'toto').
1765654478: New client connected from 172.21.0.8:34675 as sim-badgeuse-badgeuse-71 (p2, c1, k60, u'toto').
1765654478: New connection from 172.21.0.8:42981 on port 1883.
1765654478: New client connected from 172.21.0.8:42981 as sim-badgeuse-badgeuse-69 (p2, c1, k60, u'toto').
1765654478: New connection from 172.21.0.8:39323 on port 1883.
1765654478: New client connected from 172.21.0.8:39323 as sim-porte-porte-68 (p2, c1, k60, u'toto').
1765654478: New connection from 172.21.0.8:56731 on port 1883.
1765654478: New connection from 172.21.0.8:37239 on port 1883.
1765654478: New connection from 172.21.0.8:49121 on port 1883.
1765654478: New client connected from 172.21.0.8:56731 as sim-porte-porte-36 (p2, c1, k60, u'toto').
1765654478: New client connected from 172.21.0.8:37239 as sim-porte-porte-64 (p2, c1, k60, u'toto').
1765654478: New client connected from 172.21.0.8:49121 as sim-porte-porte-66 (p2, c1, k60, u'toto').
1765654478: New connection from 172.21.0.8:37443 on port 1883.
1765654478: New client connected from 172.21.0.8:37443 as sim-porte-porte-70 (p2, c1, k60, u'toto').
1765654478: New connection from 172.21.0.8:34789 on port 1883.
1765654478: New connection from 172.21.0.8:44251 on port 1883.
1765654478: New client connected from 172.21.0.8:34789 as sim-porte-porte-72 (p2, c1, k60, u'toto').
1765654478: New client connected from 172.21.0.8:44251 as sim-badgeuse-badgeuse-63 (p2, c1, k60, u'toto').
1765654478: New connection from 172.21.0.8:48649 on port 1883.
1765654478: New client connected from 172.21.0.8:48649 as sim-badgeuse-badgeuse-73 (p2, c1, k60, u'toto').
1765654526: New client connected from ::ffff:172.21.0.1:51038 as mqttjs_99f934b0 (p2, c1, k60, u'toto').
1765654964: Saving in-memory database to /mosquitto/data//mosquitto.db.
1765655012: Client mqttjs_99f934b0 closed its connection.
1765655066: Client sim-badgeuse-badgeuse-73 closed its connection.
1765655066: Client sim-badgeuse-badgeuse-63 closed its connection.
1765655066: Client sim-porte-porte-72 closed its connection.
1765655066: Client sim-porte-porte-70 closed its connection.
1765655066: Client sim-porte-porte-66 closed its connection.
1765655066: Client sim-porte-porte-64 closed its connection.
1765655066: Client sim-porte-porte-68 closed its connection.
1765655066: Client sim-porte-porte-36 closed its connection.
1765655066: Client sim-badgeuse-badgeuse-71 closed its connection.
1765655066: Client sim-badgeuse-badgeuse-67 closed its connection.
1765655066: Client sim-badgeuse-badgeuse-69 closed its connection.
1765655066: Client sim-badgeuse-badgeuse-65 closed its connection.
1765655067: Client bridge-doors closed its connection.
1765655084: New connection from 172.21.0.3:52869 on port 1883.
1765655084: New client connected from 172.21.0.3:52869 as bridge-doors (p2, c1, k60, u'toto').
1765655174: New connection from 172.21.0.8:50859 on port 1883.
1765655174: New connection from 172.21.0.8:54363 on port 1883.
1765655174: New connection from 172.21.0.8:38641 on port 1883.
1765655174: New connection from 172.21.0.8:55063 on port 1883.
1765655174: New connection from 172.21.0.8:39141 on port 1883.
1765655174: New connection from 172.21.0.8:42951 on port 1883.
1765655174: New client connected from 172.21.0.8:50859 as sim-badgeuse-badgeuse-65 (p2, c1, k60, u'toto').
1765655174: New client connected from 172.21.0.8:54363 as sim-badgeuse-badgeuse-67 (p2, c1, k60, u'toto').
1765655174: New client connected from 172.21.0.8:38641 as sim-badgeuse-badgeuse-69 (p2, c1, k60, u'toto').
1765655174: New client connected from 172.21.0.8:55063 as sim-badgeuse-badgeuse-71 (p2, c1, k60, u'toto').
1765655174: New client connected from 172.21.0.8:39141 as sim-porte-porte-68 (p2, c1, k60, u'toto').
1765655174: New client connected from 172.21.0.8:42951 as sim-porte-porte-36 (p2, c1, k60, u'toto').
1765655175: New connection from 172.21.0.8:41927 on port 1883.
1765655175: New client connected from 172.21.0.8:41927 as sim-porte-porte-66 (p2, c1, k60, u'toto').
1765655175: New connection from 172.21.0.8:58537 on port 1883.
1765655175: New client connected from 172.21.0.8:58537 as sim-porte-porte-64 (p2, c1, k60, u'toto').
1765655175: New connection from 172.21.0.8:44349 on port 1883.
1765655175: New connection from 172.21.0.8:45305 on port 1883.
1765655175: New client connected from 172.21.0.8:44349 as sim-porte-porte-70 (p2, c1, k60, u'toto').
1765655175: New client connected from 172.21.0.8:45305 as sim-porte-porte-72 (p2, c1, k60, u'toto').
1765655175: New connection from 172.21.0.8:50561 on port 1883.
1765655175: New connection from 172.21.0.8:41821 on port 1883.
1765655175: New client connected from 172.21.0.8:50561 as sim-badgeuse-badgeuse-63 (p2, c1, k60, u'toto').
1765655175: New client connected from 172.21.0.8:41821 as sim-badgeuse-badgeuse-73 (p2, c1, k60, u'toto').
1765655757: Client sim-badgeuse-badgeuse-73 closed its connection.
1765655757: Client sim-badgeuse-badgeuse-63 closed its connection.
1765655757: Client sim-porte-porte-72 closed its connection.
1765655757: Client sim-porte-porte-70 closed its connection.
1765655757: Client sim-porte-porte-36 closed its connection.
1765655757: Client sim-porte-porte-68 closed its connection.
1765655757: Client sim-porte-porte-66 closed its connection.
1765655757: Client sim-porte-porte-64 closed its connection.
1765655757: Client sim-badgeuse-badgeuse-71 closed its connection.
1765655757: Client sim-badgeuse-badgeuse-69 closed its connection.
1765655757: Client sim-badgeuse-badgeuse-65 closed its connection.
1765655757: Client sim-badgeuse-badgeuse-67 closed its connection.
1765655853: New connection from 172.21.0.8:45759 on port 1883.
1765655853: New client connected from 172.21.0.8:45759 as sim-badgeuse-badgeuse-65 (p2, c1, k60, u'toto').
1765655853: New connection from 172.21.0.8:45127 on port 1883.
1765655853: New connection from 172.21.0.8:33081 on port 1883.
1765655853: New client connected from 172.21.0.8:45127 as sim-badgeuse-badgeuse-67 (p2, c1, k60, u'toto').
1765655853: New client connected from 172.21.0.8:33081 as sim-badgeuse-badgeuse-69 (p2, c1, k60, u'toto').
1765655853: New connection from 172.21.0.8:53335 on port 1883.
1765655853: New connection from 172.21.0.8:58683 on port 1883.
1765655853: New connection from 172.21.0.8:39765 on port 1883.
1765655853: New connection from 172.21.0.8:54801 on port 1883.
1765655853: New connection from 172.21.0.8:40383 on port 1883.
1765655853: New connection from 172.21.0.8:55215 on port 1883.
1765655853: New connection from 172.21.0.8:55097 on port 1883.
1765655853: New connection from 172.21.0.8:35991 on port 1883.
1765655853: New connection from 172.21.0.8:40239 on port 1883.
1765655853: New client connected from 172.21.0.8:53335 as sim-badgeuse-badgeuse-71 (p2, c1, k60, u'toto').
1765655853: New client connected from 172.21.0.8:58683 as sim-porte-porte-68 (p2, c1, k60, u'toto').
1765655853: New client connected from 172.21.0.8:39765 as sim-porte-porte-36 (p2, c1, k60, u'toto').
1765655853: New client connected from 172.21.0.8:54801 as sim-porte-porte-64 (p2, c1, k60, u'toto').
1765655853: New client connected from 172.21.0.8:40383 as sim-porte-porte-70 (p2, c1, k60, u'toto').
1765655853: New client connected from 172.21.0.8:55215 as sim-porte-porte-66 (p2, c1, k60, u'toto').
1765655853: New client connected from 172.21.0.8:55097 as sim-badgeuse-badgeuse-63 (p2, c1, k60, u'toto').
1765655853: New client connected from 172.21.0.8:35991 as sim-porte-porte-72 (p2, c1, k60, u'toto').
1765655853: New client connected from 172.21.0.8:40239 as sim-badgeuse-badgeuse-73 (p2, c1, k60, u'toto').
1765655864: Client sim-badgeuse-badgeuse-73 closed its connection.
1765655865: Client sim-badgeuse-badgeuse-63 closed its connection.
1765655865: Client sim-porte-porte-72 closed its connection.
1765655865: Client sim-porte-porte-70 closed its connection.
1765655865: Client sim-porte-porte-66 closed its connection.
1765655865: Client sim-porte-porte-64 closed its connection.
1765655865: Client sim-porte-porte-36 closed its connection.
1765655865: Client sim-badgeuse-badgeuse-71 closed its connection.
1765655865: Client sim-porte-porte-68 closed its connection.
1765655865: Client sim-badgeuse-badgeuse-69 closed its connection.
1765655865: Client sim-badgeuse-badgeuse-67 closed its connection.
1765655865: Client sim-badgeuse-badgeuse-65 closed its connection.
1765655946: New connection from 172.21.0.8:43843 on port 1883.
1765655946: New connection from 172.21.0.8:57649 on port 1883.
1765655946: New connection from 172.21.0.8:38875 on port 1883.
1765655946: New connection from 172.21.0.8:33793 on port 1883.
1765655946: New connection from 172.21.0.8:50511 on port 1883.
1765655946: New connection from 172.21.0.8:57753 on port 1883.
1765655946: New connection from 172.21.0.8:51923 on port 1883.
1765655946: New connection from 172.21.0.8:57335 on port 1883.
1765655946: New connection from 172.21.0.8:52707 on port 1883.
1765655946: New connection from 172.21.0.8:45063 on port 1883.
1765655946: New connection from 172.21.0.8:32789 on port 1883.
1765655946: New connection from 172.21.0.8:36731 on port 1883.
1765655946: New client connected from 172.21.0.8:43843 as sim-badgeuse-badgeuse-67 (p2, c1, k60, u'toto').
1765655946: New client connected from 172.21.0.8:57649 as sim-badgeuse-badgeuse-65 (p2, c1, k60, u'toto').
1765655946: New client connected from 172.21.0.8:38875 as sim-badgeuse-badgeuse-69 (p2, c1, k60, u'toto').
1765655946: New client connected from 172.21.0.8:33793 as sim-badgeuse-badgeuse-71 (p2, c1, k60, u'toto').
1765655946: New client connected from 172.21.0.8:50511 as sim-porte-porte-68 (p2, c1, k60, u'toto').
1765655946: New client connected from 172.21.0.8:57753 as sim-porte-porte-66 (p2, c1, k60, u'toto').
1765655946: New client connected from 172.21.0.8:51923 as sim-badgeuse-badgeuse-73 (p2, c1, k60, u'toto').
1765655946: New client connected from 172.21.0.8:57335 as sim-porte-porte-72 (p2, c1, k60, u'toto').
1765655946: New client connected from 172.21.0.8:52707 as sim-porte-porte-70 (p2, c1, k60, u'toto').
1765655946: New client connected from 172.21.0.8:45063 as sim-porte-porte-36 (p2, c1, k60, u'toto').
1765655946: New client connected from 172.21.0.8:32789 as sim-badgeuse-badgeuse-63 (p2, c1, k60, u'toto').
1765655946: New client connected from 172.21.0.8:36731 as sim-porte-porte-64 (p2, c1, k60, u'toto').
1765655989: New client connected from ::ffff:172.21.0.1:46064 as mqttjs_99f934b0 (p2, c1, k60, u'toto').
1765655991: Client mqttjs_99f934b0 closed its connection.
1765655993: Client <unknown> closed its connection.
1765655993: New client connected from ::ffff:172.21.0.1:43726 as mqttjs_07647cd2 (p2, c1, k60, u'toto').
1765656408: Client mqttjs_07647cd2 closed its connection.
1765656765: Saving in-memory database to /mosquitto/data//mosquitto.db.
1765657237: Client sim-porte-porte-64 closed its connection.
1765657237: Client sim-badgeuse-badgeuse-63 closed its connection.
1765657237: Client sim-porte-porte-36 closed its connection.
1765657237: Client sim-porte-porte-70 closed its connection.
1765657237: Client sim-porte-porte-66 closed its connection.
1765657237: Client sim-badgeuse-badgeuse-73 closed its connection.
1765657237: Client sim-porte-porte-72 closed its connection.
1765657237: Client sim-porte-porte-68 closed its connection.
1765657237: Client sim-badgeuse-badgeuse-71 closed its connection.
1765657237: Client sim-badgeuse-badgeuse-69 closed its connection.
1765657237: Client sim-badgeuse-badgeuse-67 closed its connection.
1765657237: Client sim-badgeuse-badgeuse-65 closed its connection.
1765657242: Client bridge-doors closed its connection.
1765657281: New connection from 172.21.0.11:51767 on port 1883.
1765657281: New client connected from 172.21.0.11:51767 as bridge-doors (p2, c1, k60, u'toto').
1765657407: New connection from 172.21.0.8:34299 on port 1883.
1765657407: New client connected from 172.21.0.8:34299 as sim-porte-porte-118 (p2, c1, k60, u'toto').
1765657847: Client sim-porte-porte-118 closed its connection.
1765657847: Client bridge-doors closed its connection.
1765657884: New connection from 172.21.0.4:47999 on port 1883.
1765657884: New client connected from 172.21.0.4:47999 as bridge-doors (p2, c1, k60, u'toto').
1765658019: New connection from 172.21.0.8:56515 on port 1883.
1765658019: New client connected from 172.21.0.8:56515 as sim-porte-porte-118 (p2, c1, k60, u'toto').
1765658565: Saving in-memory database to /mosquitto/data//mosquitto.db.
1765658598: Client sim-porte-porte-118 closed its connection.
1765658599: Client bridge-doors closed its connection.
1765658631: New connection from 172.21.0.4:39443 on port 1883.
1765658631: New client connected from 172.21.0.4:39443 as bridge-doors (p2, c1, k60, u'toto').
1765658765: mosquitto version 2.0.22 terminating
1765658765: Saving in-memory database to /mosquitto/data//mosquitto.db.
1765658877: mosquitto version 2.0.22 starting
1765658877: Config loaded from /mosquitto/config/mosquitto.conf.
1765658877: Warning: File /mosquitto/config/passwordfile has world readable permissions. Future versions will refuse to load this file.
To fix this, use `chmod 0700 /mosquitto/config/passwordfile`.
1765658877: Opening ipv4 listen socket on port 1883.
1765658877: Opening ipv6 listen socket on port 1883.
1765658877: Opening websockets listen socket on port 9001.
1765658877: mosquitto version 2.0.22 running
1765658889: New connection from 172.21.0.5:36077 on port 1883.
1765658889: New client connected from 172.21.0.5:36077 as bridge-doors (p2, c1, k60, u'toto').
1765659005: New connection from 172.21.0.9:54663 on port 1883.
1765659005: New client connected from 172.21.0.9:54663 as sim-badgeuse-badgeuse-65 (p2, c1, k60, u'toto').
1765659005: New connection from 172.21.0.9:56761 on port 1883.
1765659005: New connection from 172.21.0.9:52799 on port 1883.
1765659005: New connection from 172.21.0.9:48711 on port 1883.
1765659005: New client connected from 172.21.0.9:56761 as sim-badgeuse-badgeuse-69 (p2, c1, k60, u'toto').
1765659005: New client connected from 172.21.0.9:52799 as sim-badgeuse-badgeuse-67 (p2, c1, k60, u'toto').
1765659005: New client connected from 172.21.0.9:48711 as sim-badgeuse-badgeuse-71 (p2, c1, k60, u'toto').
1765659005: New connection from 172.21.0.9:47489 on port 1883.
1765659005: New connection from 172.21.0.9:53359 on port 1883.
1765659005: New connection from 172.21.0.9:37965 on port 1883.
1765659005: New connection from 172.21.0.9:42977 on port 1883.
1765659005: New connection from 172.21.0.9:53029 on port 1883.
1765659005: New connection from 172.21.0.9:49265 on port 1883.
1765659005: New connection from 172.21.0.9:60875 on port 1883.
1765659005: New connection from 172.21.0.9:37723 on port 1883.
1765659005: New client connected from 172.21.0.9:47489 as sim-porte-porte-68 (p2, c1, k60, u'toto').
1765659005: New client connected from 172.21.0.9:53359 as sim-porte-porte-36 (p2, c1, k60, u'toto').
1765659005: New client connected from 172.21.0.9:37965 as sim-porte-porte-64 (p2, c1, k60, u'toto').
1765659005: New client connected from 172.21.0.9:42977 as sim-porte-porte-66 (p2, c1, k60, u'toto').
1765659005: New client connected from 172.21.0.9:53029 as sim-porte-porte-70 (p2, c1, k60, u'toto').
1765659005: New client connected from 172.21.0.9:49265 as sim-porte-porte-72 (p2, c1, k60, u'toto').
1765659005: New client connected from 172.21.0.9:60875 as sim-badgeuse-badgeuse-73 (p2, c1, k60, u'toto').
1765659005: New client connected from 172.21.0.9:37723 as sim-badgeuse-badgeuse-63 (p2, c1, k60, u'toto').
1765660091: New connection from 172.21.0.9:47915 on port 1883.
1765660091: New client connected from 172.21.0.9:47915 as sim-porte-porte-74 (p2, c1, k60, u'toto').
1765660093: New connection from 172.21.0.9:48557 on port 1883.
1765660093: New client connected from 172.21.0.9:48557 as sim-badgeuse-badgeuse-75 (p2, c1, k60, u'toto').
1765660678: Saving in-memory database to /mosquitto/data//mosquitto.db.
1765662354: New client connected from ::ffff:172.21.0.1:38534 as mqttx_ebd57c4c (p5, c1, k60, u'toto').
1765662479: Saving in-memory database to /mosquitto/data//mosquitto.db.
1765662572: Client mqttx_ebd57c4c closed its connection.
1765663082: Client sim-badgeuse-badgeuse-75 closed its connection.
1765663082: Client sim-porte-porte-74 closed its connection.
1765663082: Client sim-badgeuse-badgeuse-73 closed its connection.
1765663082: Client sim-badgeuse-badgeuse-63 closed its connection.
1765663082: Client sim-porte-porte-72 closed its connection.
1765663082: Client sim-porte-porte-70 closed its connection.
1765663082: Client sim-porte-porte-64 closed its connection.
1765663082: Client sim-porte-porte-66 closed its connection.
1765663082: Client sim-porte-porte-36 closed its connection.
1765663082: Client sim-porte-porte-68 closed its connection.
1765663082: Client sim-badgeuse-badgeuse-71 closed its connection.
1765663082: Client sim-badgeuse-badgeuse-69 closed its connection.
1765663082: Client sim-badgeuse-badgeuse-67 closed its connection.
1765663082: Client sim-badgeuse-badgeuse-65 closed its connection.
1765663093: New connection from 172.21.0.9:58477 on port 1883.
1765663093: New connection from 172.21.0.9:35419 on port 1883.
1765663093: New client connected from 172.21.0.9:35419 as sim-badgeuse-badgeuse-67 (p2, c1, k60, u'toto').
1765663093: New connection from 172.21.0.9:50983 on port 1883.
1765663093: New connection from 172.21.0.9:37381 on port 1883.
1765663093: New client connected from 172.21.0.9:58477 as sim-badgeuse-badgeuse-65 (p2, c1, k60, u'toto').
1765663093: New client connected from 172.21.0.9:50983 as sim-badgeuse-badgeuse-71 (p2, c1, k60, u'toto').
1765663093: New client connected from 172.21.0.9:37381 as sim-badgeuse-badgeuse-69 (p2, c1, k60, u'toto').
1765663093: New connection from 172.21.0.9:54739 on port 1883.
1765663093: New connection from 172.21.0.9:58373 on port 1883.
1765663093: New client connected from 172.21.0.9:54739 as sim-porte-porte-68 (p2, c1, k60, u'toto').
1765663093: New client connected from 172.21.0.9:58373 as sim-porte-porte-36 (p2, c1, k60, u'toto').
1765663093: New connection from 172.21.0.9:33211 on port 1883.
1765663093: New client connected from 172.21.0.9:33211 as sim-porte-porte-64 (p2, c1, k60, u'toto').
1765663093: New connection from 172.21.0.9:33235 on port 1883.
1765663093: New client connected from 172.21.0.9:33235 as sim-porte-porte-66 (p2, c1, k60, u'toto').
1765663093: New connection from 172.21.0.9:40567 on port 1883.
1765663093: New connection from 172.21.0.9:34501 on port 1883.
1765663093: New client connected from 172.21.0.9:40567 as sim-porte-porte-72 (p2, c1, k60, u'toto').
1765663093: New client connected from 172.21.0.9:34501 as sim-porte-porte-70 (p2, c1, k60, u'toto').
1765663093: New connection from 172.21.0.9:44301 on port 1883.
1765663093: New client connected from 172.21.0.9:44301 as sim-badgeuse-badgeuse-73 (p2, c1, k60, u'toto').
1765663093: New connection from 172.21.0.9:53539 on port 1883.
1765663093: New client connected from 172.21.0.9:53539 as sim-porte-porte-74 (p2, c1, k60, u'toto').
1765663093: New connection from 172.21.0.9:53535 on port 1883.
1765663093: New client connected from 172.21.0.9:53535 as sim-badgeuse-badgeuse-75 (p2, c1, k60, u'toto').
1765663093: New connection from 172.21.0.9:56995 on port 1883.
1765663093: New client connected from 172.21.0.9:56995 as sim-badgeuse-badgeuse-63 (p2, c1, k60, u'toto').
1765663126: New client connected from ::ffff:172.21.0.1:39416 as mqttx_ebd57c4c (p5, c1, k60, u'toto').
1765663198: Client sim-badgeuse-badgeuse-63 closed its connection.
1765663198: Client sim-badgeuse-badgeuse-75 closed its connection.
1765663198: Client sim-porte-porte-74 closed its connection.
1765663198: Client sim-badgeuse-badgeuse-73 closed its connection.
1765663198: Client sim-porte-porte-72 closed its connection.
1765663198: Client sim-porte-porte-64 closed its connection.
1765663198: Client sim-porte-porte-70 closed its connection.
1765663198: Client sim-porte-porte-66 closed its connection.
1765663198: Client sim-porte-porte-36 closed its connection.
1765663198: Client sim-porte-porte-68 closed its connection.
1765663198: Client sim-badgeuse-badgeuse-69 closed its connection.
1765663198: Client sim-badgeuse-badgeuse-71 closed its connection.
1765663198: Client sim-badgeuse-badgeuse-65 closed its connection.
1765663198: Client sim-badgeuse-badgeuse-67 closed its connection.
1765663619: Client mqttx_ebd57c4c closed its connection.
1765663771: New client connected from ::ffff:172.21.0.1:48530 as mqttx_ebd57c4c (p5, c1, k60, u'toto').
1765663862: Client mqttx_ebd57c4c closed its connection.
1765664280: Saving in-memory database to /mosquitto/data//mosquitto.db.
1765665510: New client connected from ::ffff:172.21.0.1:45146 as mqttx_ebd57c4c (p5, c1, k60, u'toto').
1765665783: Client mqttx_ebd57c4c closed its connection.
1765666081: Saving in-memory database to /mosquitto/data//mosquitto.db.
1765667882: Saving in-memory database to /mosquitto/data//mosquitto.db.
